Rank,Player,Team,Position,ADP,Projected Points,Notes,Receiver Depth
1,Puka Nacua,LAR,WR,3.36,564.427931,,1
2,Josh Allen,BUF,QB,4.25,540.9856698,Tier 1,
3,Bijan Robinson,ATL,RB,3.62,519.6110485,Receiver,2
4,Dak Prescott,DAL,QB,34.81,511.3192416,Tier 2,
5,Jahmyr Gibbs,DET,RB,3.57,506.8002813,Receiver,2
6,Lamar Jackson,BAL,QB,16.32,486.7324461,Tier 1,
7,Ja'Marr Chase,CIN,WR,3.64,471.9551035,,1
8,Jaxon Smith-Njigba,SEA,WR,6.7,470.6712493,,1
9,Justin Herbert,LAC,QB,35.49,465.6454373,Tier 2,
10,Joe Burrow,CIN,QB,15.94,465.3766806,Tier 2,
11,Jalen Hurts,PHI,QB,35.32,465.0008186,Tier 2,
12,Matthew Stafford,LAR,QB,59.32,464.116958,Tier 3,
13,Drake Maye,NE,QB,16.29,463.5286447,Tier 2,
14,Jonathan Taylor,IND,RB,14.57,460.5791078,,2
15,De'Von Achane,MIA,RB,19.54,454.9777146,Receiver,1
16,Christian McCaffrey,SF,RB,10.52,454.6829623,Receiver,1
17,Trevor Lawrence,JAX,QB,52.07,448.4850662,Tier 3,
18,Brock Purdy,SF,QB,61.8,445.5835061,Tier 3,
19,Jared Goff,DET,QB,65.16,444.5532605,Tier 3,
20,Bo Nix,DEN,QB,68.03,443.2520159,Tier 3,
21,Jayden Daniels,WAS,QB,25.35,442.6092797,Tier 2,
22,Patrick Mahomes,KC,QB,58.04,442.1955171,Tier 3,
23,Amon-Ra St. Brown,DET,WR,11.29,440.3687311,,1
24,Caleb Williams,CHI,QB,33.52,439.7554186,Tier 3,
25,CeeDee Lamb,DAL,WR,13.06,433.0642606,,1
26,Malik Willis,MIA,QB,120.94,430.8765986,Tier 3,
27,Jordan Love,GB,QB,81.96,429.9418045,Tier 3,
28,C.J. Stroud,HOU,QB,109.4,427.1669121,Tier 3,
29,Trey McBride,ARI,TE,9.58,424.7945671,,1
30,Sam Darnold,SEA,QB,103.81,423.4659345,Tier 3,
31,Baker Mayfield,TB,QB,85.59,421.7292439,Tier 3,
32,James Cook,BUF,RB,19,418.3814064,Receiver,2
33,Brock Bowers,LV,TE,6.01,418.0452388,,1
34,Tyler Shough,NO,QB,94.99,413.6199408,Tier 3,
35,Drake London,ATL,WR,19.78,411.5302576,,1
36,Jaxson Dart,NYG,QB,61.49,407.4389245,Tier 3,
37,Justin Jefferson,MIN,WR,12.52,406.5009291,,1
38,Kyler Murray,MIN,QB,96.96,405.9821645,Tier 3,
39,Colston Loveland,CHI,TE,22.12,401.0327485,,1
40,George Pickens,DAL,WR,28.23,399.7823985,Best Ball,2
41,Jacoby Brissett,ARI,QB,157.29,385.3623083,Tier 3,
42,Tyler Warren,IND,TE,29.38,385.3086811,,2
43,Nico Collins,HOU,WR,23.58,379.4873121,,1
44,A.J. Brown,NE,WR,23.54,377.2839454,,1
45,Derrick Henry,BAL,RB,38.42,377.0859928,,4
46,Saquon Barkley,PHI,RB,28.07,371.5893315,Receiver,2
47,Bryce Young,CAR,QB,129.67,369.2652002,Tier 3,
48,Daniel Jones,IND,QB,124.69,368.7276191,Tier 3,
49,Zay Flowers,BAL,WR,44.45,364.835145,Best Ball,1
50,Aaron Rodgers,PIT,QB,162.84,363.6584258,Tier 4,
51,Jameson Williams,DET,WR,51.03,361.0335727,Best Ball,2
52,Geno Smith,NYJ,QB,167.05,359.8097309,Tier 4,
53,Ashton Jeanty,LV,RB,21.74,357.7649535,Receiver,2
54,Tucker Kraft,GB,TE,47.7,355.5167167,,2
55,Rashee Rice,KC,WR,41.04,354.351571,,1
56,Kyle Pitts,ATL,TE,54.59,348.7329181,,3
57,DeVonta Smith,PHI,WR,39.88,347.23723,,1
58,Sam LaPorta,DET,TE,59.28,344.2627063,,3
59,Breece Hall,NYJ,RB,48.84,342.7649062,,
60,Tee Higgins,CIN,WR,46.43,342.1331448,Best Ball,2
61,Cam Ward,TEN,QB,119.66,341.9438661,Tier 4,
62,Chase Brown,CIN,RB,35.13,334.0672608,Receiver,2
63,Travis Kelce,KC,TE,78.51,332.5666356,,2
64,Chris Olave,NO,WR,38.86,331.0632295,,1
65,Jaylen Waddle,DEN,WR,56.28,327.215464,Best Ball,1
66,Tetairoa McMillan,CAR,WR,43.28,323.6019192,,1
67,Emeka Egbuka,TB,WR,49.01,322.7330247,,1
68,Christian Watson,GB,WR,69.88,322.6346904,Best Ball,1
69,Omarion Hampton,LAC,RB,28.81,320.3813721,,3
70,Josh Jacobs,GB,RB,58.84,317.7544102,,3
71,Davante Adams,LAR,WR,66.93,317.0430203,,2
72,Dallas Goedert,PHI,TE,98.2,316.7600239,,2
73,Jeremiyah Love,ARI,RB,39.38,316.2544989,Receiver,3
74,Parker Washington,JAX,WR,92.83,315.6721825,,1
75,Travis Etienne,NO,RB,63.33,313.6156752,,3
76,George Kittle,SF,TE,73.51,311.2800107,,2
77,Dalton Kincaid,BUF,TE,85.77,310.8547166,,2
78,Garrett Wilson,NYJ,WR,46.13,307.3324436,,1
79,Ladd McConkey,LAC,WR,48.51,306.7312284,,1
80,Cam Skattebo,NYG,RB,74.35,306.5799355,Receiver,3
81,Kyren Williams,LAR,RB,55.1,305.1234787,,3
82,Bucky Irving,TB,RB,72.52,300.8922586,,4
83,Terry McLaurin,WAS,WR,61.52,300.2946089,,1
84,Jordan Addison,MIN,WR,106.66,297.6714446,Best Ball,2
85,Javonte Williams,DAL,RB,65.55,295.9947743,,4
86,Fernando Mendoza,LV,QB,140.97,295.971515,Tier 4,
87,Brenton Strange,JAX,TE,112.33,294.4257289,,3
88,DJ Moore,BUF,WR,66.72,293.732778,,1
89,DK Metcalf,PIT,WR,88.25,293.5725853,,1
90,Quinshon Judkins,CLE,RB,78.59,293.452067,,3
91,Rome Odunze,CHI,WR,70.9,291.9595224,,3
92,Mike Evans,SF,WR,68.8,288.6916025,Best Ball,2
93,Rhamondre Stevenson,NE,RB,119.77,284.2104704,,3
94,Juwan Johnson,NO,TE,121.43,281.556559,,2
95,David Montgomery,HOU,RB,88.41,281.2136277,Receiver,3
96,Isaiah Likely,NYG,TE,94.54,280.6378237,,2
97,Alec Pierce,IND,WR,81.51,280.2317815,Best Ball,1
98,Hunter Henry,NE,TE,116.24,279.3978857,,3
99,D'Andre Swift,CHI,RB,84.88,278.9497294,Receiver,3
100,Jayden Reed,GB,WR,114.55,277.465125,Best Ball,2
101,Mark Andrews,BAL,TE,96.7,276.2803362,,2
102,Courtland Sutton,DEN,WR,92.3,272.8278382,,2
103,Kenyon Sadiq,NYJ,TE,122.88,272.6042603,,4
104,Jake Ferguson,DAL,TE,90.55,270.5992196,,3
105,Malik Nabers,NYG,WR,35.61,270.2043085,,1
106,Rico Dowdle,PIT,RB,120.67,266.0853452,,4
107,Bhayshul Tuten,JAX,RB,83.86,263.4417303,,3
108,Jaylen Warren,PIT,RB,108.06,262.9808982,Receiver,2
109,Tony Pollard,TEN,RB,118.67,262.6025782,,
110,Dalton Schultz,HOU,TE,129.23,259.5072722,,3
111,Carnell Tate,TEN,WR,68.75,257.6569423,,1
112,Jakobi Meyers,JAX,WR,108.71,256.2482114,,2
113,Cade Otton,TB,TE,154.08,254.3785966,,3
114,Pat Freiermuth,PIT,TE,172.05,252.2248149,,4
115,Jordyn Tyson,NO,WR,87.78,252.0140042,,2
116,Wan'Dale Robinson,TEN,WR,115.94,250.2598388,,2
117,TreVeyon Henderson,NE,RB,70.17,250.0269256,Receiver,3
118,Quentin Johnston,LAC,WR,106.55,249.4810118,,2
119,Greg Dulcich,MIA,TE,160.43,249.346068,,2
120,T.J. Hockenson,MIN,TE,134.43,248.355875,,3
121,Ricky Pearsall,SF,WR,110.93,244.713573,Best Ball,3
122,Romeo Doubs,NE,WR,132.52,244.0305106,Best Ball,2
123,Jadarian Price,SEA,RB,99.09,242.4622059,,
124,Michael Wilson,ARI,WR,101.75,242.1255488,Best Ball,2
125,Chig Okonkwo,WAS,TE,126.6,239.9161985,,3
126,Kenneth Gainwell,TB,RB,127.44,239.3422596,Receiver,3
127,Michael Pittman,PIT,WR,111.15,235.2979351,,2
128,Chuba Hubbard,CAR,RB,113.94,232.2314114,Receiver,3
129,Matthew Golden,GB,WR,129.78,231.7091478,Best Ball,4
130,Josh Downs,IND,WR,113.09,220.218579,Best Ball,2
131,Xavier Worthy,KC,WR,119.99,217.9993583,Best Ball,3
132,Gunnar Helm,TEN,TE,156.26,209.7825193,,2
133,Jalen McMillan,TB,WR,162.4,206.1387211,,3
134,Jalen Coker,CAR,WR,133.83,206.1205336,,2
135,Khalil Shakir,BUF,WR,129.29,205.3453301,,2
136,Shedeur Sanders,CLE,QB,191.15,200.2895905,Tier 4,
137,Aaron Jones,MIN,RB,140.38,200.0555617,Receiver,3
138,KC Concepcion,CLE,WR,132.12,198.6363462,,2
139,Jayden Higgins,HOU,WR,134.65,196.3726995,,2
140,Jalen Nailor,LV,WR,163.71,195.0214373,Best Ball,2
141,Kyle Monangai,CHI,RB,130.8,194.6625207,,3
142,AJ Barner,SEA,TE,140.52,194.4694634,,3
143,RJ Harvey,DEN,RB,108.36,193.7667961,Receiver,3
144,Ryan Flournoy,DAL,WR,184.57,191.7782633,Best Ball,3
145,Makai Lemon,PHI,WR,100.36,191.1959548,,3
146,Deshaun Watson,CLE,QB,205.53,190.929236,Tier 4,
147,Tua Tagovailoa,ATL,QB,164.38,186.8582716,Tier 3,
148,J.K. Dobbins,DEN,RB,125.92,185.1775508,,5
149,Tre Tucker,LV,WR,175.77,184.8721036,,2
150,Jauan Jennings,MIN,WR,163.1,183.6850617,,3
151,Blake Corum,LAR,RB,135.77,183.0058898,,3
152,Colby Parkinson,LAR,TE,174.56,182.5259081,,3
153,David Njoku,LAC,TE,167.69,179.3329171,,3
154,Cooper Kupp,SEA,WR,207.68,178.8541856,Best Ball,3
155,Rashid Shaheed,SEA,WR,142,178.1270985,Best Ball,2
156,Antonio Williams,WAS,WR,166.76,177.4445704,,3
157,Jonathon Brooks,CAR,RB,141.33,176.4876127,,4
158,Adonai Mitchell,NYJ,WR,183.2,176.0655531,Best Ball,2
159,Mike Gesicki,CIN,TE,191.34,175.7149352,,4
160,Kenneth Walker III,KC,RB,30.94,175.3705159,,3
161,Jaylin Noel,HOU,WR,211.8,174.4101526,,3
162,Evan Engram,DEN,TE,199.23,171.9946593,,4
163,Rachaad White,WAS,RB,148.45,170.6494355,Receiver,3
164,Michael Mayer,LV,TE,221.44,169.0436331,,4
165,Tyjae Spears,TEN,RB,176.02,167.2861383,Receiver,3
166,Isiah Pacheco,DET,RB,187.89,166.4162658,,5
167,Harold Fannin Jr.,CLE,TE,52.03,166.0735441,,1
168,Jerry Jeudy,CLE,WR,179.05,162.8636072,,2
169,Brian Thomas Jr.,JAX,WR,79.52,161.7616182,Best Ball,3
170,Cole Kmet,CHI,TE,232.5,160.3569733,,4
171,Terrance Ferguson,LAR,TE,172.05,158.3783176,,3
172,Germie Bernard,PIT,WR,206.35,157.6478474,,4
173,Calvin Ridley,TEN,WR,202.24,156.5131208,Best Ball,4
174,Justice Hill,BAL,RB,227.11,154.804315,Receiver,4
175,Luther Burden III,CHI,WR,54.07,154.3605629,,2
176,Tyquan Thornton,KC,WR,213.17,151.7395411,Best Ball,4
177,Darnell Washington,PIT,TE,212.29,150.8040528,,4
178,Rashod Bateman,BAL,WR,216.62,150.7877771,,4
179,Mason Taylor,NYJ,TE,199.04,149.9259736,,3
180,Dontayvion Wicks,PHI,WR,215.11,144.1271548,Best Ball,3
181,Dawson Knox,BUF,TE,213.83,140.8634411,,4
182,Tyler Higbee,LAR,TE,235,140.406849,,3
183,Isaac TeSlaa,DET,WR,182.42,140.3767595,Best Ball,4
184,Woody Marks,HOU,RB,173.85,140.2301035,Receiver,2
185,Theo Johnson,NYG,TE,202.83,139.5834671,,3
186,Marvin Harrison Jr.,ARI,WR,86.13,138.9142455,,3
187,Denzel Boston,CLE,WR,158.58,138.1308008,,4
188,Darius Slayton,NYG,WR,234.6,135.3756444,,4
189,Troy Franklin,DEN,WR,203.85,135.1866632,Best Ball,4
190,Andrei Iosivas,CIN,WR,228.35,134.1656742,Best Ball,3
191,Ja'Tavion Sanders,CAR,TE,228.5,132.9093438,,5
192,Brian Robinson,ATL,RB,169.37,128.4497383,,5
193,Chris Bell,MIA,WR,211.84,127.5483788,,4
194,Samaje Perine,CIN,RB,238.5,123.0169152,,5
195,Dylan Sampson,CLE,RB,191.4,122.633906,Receiver,4
196,Jordan Mason,MIN,RB,159.13,121.205833,,5
197,Deebo Samuel Sr.,FA,WR,186.34,119.6888671,,
198,Christian Kirk,SF,WR,215.5,119.3527794,,4
199,Oronde Gadsden II,LAC,TE,103.51,118.5741924,,3
200,Chris Godwin Jr.,TB,WR,103.42,118.3427615,,2
201,Malik Washington,MIA,WR,190.31,117.4045159,,4
202,Alvin Kamara,NO,RB,179.41,117.0259128,Receiver,3
203,Noah Gray,KC,TE,219.8,115.7177906,,4
204,Jacory Croskey-Merritt,WAS,RB,147.89,114.6577361,,5
205,Travis Hunter,JAX,WR,164.25,114.1504315,,4
206,Jake Tonges,SF,TE,196.88,114.1205355,,3
207,Luke Musgrave,GB,TE,231,113.7743179,,4
208,Stefon Diggs,FA,WR,140.77,112.6061314,,
209,Darnell Mooney,NYG,WR,212.98,112.3923937,Cut?,5
210,Zach Charbonnet,SEA,RB,161.44,106.1016328,Receiver,3
211,Elijah Arroyo,SEA,TE,221,105.3565149,,4
212,Jack Bech,LV,WR,219.16,105.2007988,,4
213,Kayshon Boutte,NE,WR,195.98,104.1989561,,4
214,Omar Cooper Jr.,NYJ,WR,158.21,104.015902,,4
215,Jahan Dotson,ATL,WR,224.5,103.7023709,,4
216,Kimani Vidal,LAC,RB,212.74,103.3718438,,4
217,Tyler Allgeier,ARI,RB,172.81,103.3393654,,5
218,Eli Stowers,PHI,TE,172.29,103.3356598,,4
219,Jonah Coleman,DEN,RB,181.27,101.9500377,,4
220,Michael Penix Jr.,ATL,QB,196.58,99.4822487,Tier 3,
221,Keaton Mitchell,LAC,RB,185.35,96.6496365,Receiver,3
222,Kirk Cousins,LV,QB,208.98,94.77652165,Tier 3,
223,Treylon Burks,WAS,WR,228.5,94.66631832,,4
224,Jonnu Smith,FA,TE,300,93.2315705,,4
225,Elijah Sarratt,BAL,WR,214.05,92.25337405,,4
226,Ja'Kobi Lane,BAL,WR,209.88,91.58546066,,5
227,Jaylen Wright,MIA,RB,216.03,87.48956634,,4
228,Ray Davis,BUF,RB,214.34,87.41403859,Receiver,4
229,Mack Hollins,NE,WR,222,87.17827755,,5
230,Tank Bigsby,PHI,RB,196.47,86.905689,Receiver,5
231,Braelon Allen,NYJ,RB,208.49,86.29521127,,4
232,DJ Giddens,IND,RB,233.67,85.11329584,,4
233,Mac Jones,SF,QB,214.08,79.89664045,,
234,KaVontae Turpin,DAL,WR,300,79.02000945,Best Ball,4
235,Kaelon Black,SF,RB,223.46,78.81801361,,5
236,Sean Tucker,TB,RB,210.57,78.78599127,,4
237,Emanuel Wilson,SEA,RB,220.8,78.7261299,,5
238,Tank Dell,HOU,WR,193.98,78.67853989,,3
239,Jameis Winston,NYG,QB,228.75,77.75137925,Tier 4,
240,Jalen Tolbert,MIA,WR,224.3,76.23766769,,4
241,Devaughn Vele,NO,WR,225.62,73.140016,Best Ball,4
242,Marvin Mims Jr.,DEN,WR,218.11,72.7312331,Best Ball,4
243,Tyrone Tracy Jr.,NYG,RB,164.48,72.21778825,,3
244,Malik Davis,DAL,RB,230.5,71.9190002,,5
245,Kendrick Bourne,ARI,WR,300,71.3423344,,4
246,Ty Johnson,BUF,RB,300,71.21191145,,4
247,Caleb Douglas,MIA,WR,235.2,70.7331986,,4
248,Keenan Allen,LAC,WR,221.42,70.44529225,,4
249,Kaytron Allen,WAS,RB,212.84,67.00570505,Receiver,5
250,Matthew Hibner,BAL,TE,300,65.0677798,,5
251,Emari Demercado,KC,RB,219.5,64.02367275,,5
252,Kalif Raymond,CHI,WR,300,60.3918231,,5
253,Josh Palmer,BUF,WR,300,60.37268555,,5
254,Chris Brooks,GB,RB,213.75,58.82336,,5
255,Olamide Zaccheaus,ATL,WR,234,58.33052235,,4
256,Zachariah Branch,ATL,WR,190.55,58.00933535,Best Ball,4
257,Pat Bryant,DEN,WR,213.55,57.9844431,,4
258,Xavier Legette,CAR,WR,217,57.4167861,,5
259,Xavier Hutchinson,HOU,WR,300,56.35931335,,5
260,Nick Westbrook-Ikhine,IND,WR,300,55.7333298,,5
261,De'Zhaun Stribling,SF,WR,191.97,55.1839186,,5
262,Daniel Bellinger,TEN,TE,236,53.96838685,,4
263,Chris Brazzell II,CAR,WR,220.06,53.59713945,,5
264,Noah Fant,NO,TE,238,53.2157836,,5
265,Oscar Delp,NO,TE,213.33,52.9458142,,4
266,Tommy Tremble,CAR,TE,300,52.32996745,,5
267,Tre Harris,LAC,WR,189.79,51.1582178,,4
268,Mike Washington Jr.,LV,RB,209.38,50.111966,,5
269,Tutu Atwell,MIA,WR,223,49.87677649,,5
270,Colbie Young,CIN,WR,300,49.68120634,,5
271,Austin Hooper,ATL,TE,300,49.59507301,,5
272,Jalen Royals,KC,WR,232,49.52886378,,5
273,Anthony Richardson,IND,QB,224.6,49.48976792,Tier 4,
274,Chris Rodriguez Jr.,JAX,RB,183.5,49.1450254,,5
275,Keon Coleman,BUF,WR,212.97,48.56734465,,5
276,Chimere Dike,TEN,WR,205,48.442384,,4
277,Zavion Thomas,CHI,WR,220.75,48.19447237,,5
278,Eli Raridon,NE,TE,216.83,47.15030407,,5
279,Calvin Austin III,NYG,WR,300,46.48176017,,5
280,Elic Ayomanor,TEN,WR,207.48,45.67172937,,4
281,Malachi Fields,NYG,WR,212.92,45.54127515,,5
282,DeMario Douglas,NE,WR,236.33,45.10327652,,5
283,Tanner Hudson,CIN,TE,300,44.60438761,,5
284,Tez Johnson,TB,WR,300,44.13858811,,5
285,Bryce Lance,NO,WR,230,43.51207787,,5
286,Isaiah Davis,NYJ,RB,300,43.35856077,,4
287,Elijah Higgins,ARI,TE,300,43.12955825,,4
288,Josh Oliver,MIN,TE,300,43.11616038,,4
289,Tory Horton,SEA,WR,211.6,42.48688433,,5
290,Demond Claiborne,MIN,RB,211.79,41.52755185,Receiver,4
291,Greg Dortch,DET,WR,233,41.32457289,,5
292,LeQuint Allen Jr.,JAX,RB,227.67,40.3814577,Receiver,4
293,Emmett Johnson,KC,RB,190.64,40.32424992,,5
294,Roman Wilson,PIT,WR,300,40.24728236,,5
295,J.J. McCarthy,MIN,QB,208.23,39.81128373,Tier 4,
296,Jordan James,SF,RB,211.65,39.67077841,,5
297,Ted Hurst III,TB,WR,300,39.56758976,,5
298,Joe Royer,CLE,TE,300,39.43059287,,4
299,Kevin Coleman Jr.,MIA,WR,234,39.35156127,,5
300,Seydou Traore,MIA,TE,300,39.03212392,,5
301,George Holani,SEA,RB,207.64,38.70418996,,5
302,Jaylin Lane,WAS,WR,300,38.15342457,,5
303,Skyler Bell,BUF,WR,220.26,38.02520829,,5
304,Drew Sample,CIN,TE,300,37.90216752,,5
305,Justin Fields,KC,QB,217.43,37.25271177,Tier 3,5
306,Charlie Kolar,LAC,TE,300,36.98050392,,4
307,Mo Alie-Cox,IND,TE,300,36.91423546,,5
308,Luke McCaffrey,WAS,WR,300,36.58352967,,5
309,James Conner,ARI,RB,199.08,34.79442603,Receiver,5
310,Brock Wright,DET,TE,300,34.10533385,,5
311,Ollie Gordon II,MIA,RB,300,33.65499505,,5
312,Ben Sinnott,WAS,TE,300,33.63492065,,5
313,Luke Schoonmaker,DAL,TE,300,33.51725583,,4
314,Savion Williams,GB,WR,217,33.15872728,,5
315,Cyrus Allen,KC,WR,204,32.84651772,,5
316,Carson Beck,ARI,QB,221.63,32.69272526,Tier 5,
317,Max Klare,LAR,TE,220.5,32.37714286,,4
318,Van Jefferson,WAS,WR,300,32.11626842,,5
319,Sam Roush,CHI,TE,300,32.05894797,,5
320,Justin Joly,DEN,TE,219.67,31.30530129,,4
321,Jaydon Blue,DAL,RB,218.61,31.07256166,Receiver,4
322,Cade Stover,HOU,TE,300,30.92443759,,5
323,Marquise Brown,PHI,WR,238,30.73100291,,4
324,Jordan Whittington,LAR,WR,300,30.63102253,,5
325,Konata Mumpfield,LAR,WR,300,30.47959266,,5
326,Marlin Klein,HOU,TE,143,30.33003586,,5
327,Isaiah Bond,CLE,WR,216,30.31937676,,5
328,Nate Boerkircher,JAX,TE,300,29.67729447,,5
329,Tip Reiman,ARI,TE,300,29.66835343,,4
330,Marcus Mariota,WAS,QB,229.5,29.48742598,Tier 4,
331,John Bates,WAS,TE,300,29.19789111,,5
332,Kyle Juszczyk,SF,RB,300,28.65900874,,5
333,Xavier Smith,LAR,WR,300,28.43059855,,5
334,Tanner McKee,PHI,QB,300,28.35795045,Tier 5,
335,Isaiah Williams,NYJ,WR,300,27.82441085,,5
336,Josh Whyle,GB,TE,229,27.66084183,,5
337,Tyson Bagent,CHI,QB,229,27.2009318,Tier 5,
338,Josh Johnson,CIN,QB,300,27.15699532,,
339,Adam Trautman,DEN,TE,300,26.67182649,,4
340,Joe Milton III,DAL,QB,300,26.53125377,Tier 5,
341,Ashton Dulin,IND,WR,300,26.43528969,,5
342,Mitchell Trubisky,TEN,QB,300,26.10129797,Tier 5,
343,Cedric Tillman,CLE,WR,300,26.02930963,,5
344,Jake Browning,TB,QB,300,26.00694627,Tier 5,
345,John Metchie III,CAR,WR,300,25.78253255,,5
346,Nick Mullens,JAX,QB,300,25.65822231,,
347,Erick All,CIN,TE,221,25.32984386,Receiver,5
348,Spencer Rattler,NO,QB,300,25.2532193,,
349,Nicholas Singleton,TEN,RB,206.19,24.84980129,,5
350,Tahj Brooks,CIN,RB,230,24.79163336,,5
351,Teddy Bridgewater,DET,QB,300,24.55346307,,
352,Trevor Etienne,CAR,RB,300,24.47489831,,5
353,Tyrod Taylor,GB,QB,300,24.25806595,,
354,Trey Lance,LAC,QB,300,24.19375189,Tier 5,
355,Devin Singletary,NYG,RB,300,23.76782993,,4
356,Bo Melton,GB,WR,300,23.74821017,,5
357,Davis Mills,HOU,QB,300,23.711664,Tier 4,
358,Reggie Virgil,ARI,WR,300,23.47259298,,5
359,Drew Lock,SEA,QB,300,23.44554824,Tier 4,
360,Quinn Ewers,MIA,QB,235,23.39171723,,
361,Jarrett Stidham,DEN,QB,300,23.22783812,,
362,Kenny Pickett,CAR,QB,300,22.98867286,Tier 5,
363,Tyler Conklin,DET,TE,300,22.58140197,,5
364,Brashard Smith,KC,RB,235,22.43483984,Receiver,5
365,Ty Simpson,LAR,QB,208.93,22.31651647,,
366,Ben Yurosek,MIN,TE,300,22.28733563,,4
367,MarShawn Lloyd,GB,RB,216.42,22.20637789,,5
368,Will Howard,PIT,QB,300,22.14285059,Tier 5,
369,Dillon Gabriel,CLE,QB,300,21.52256705,4,
370,Dont'e Thornton Jr.,LV,WR,237,21.41263941,,5
371,Deion Burks,IND,WR,300,21.32058456,,5
372,Kyle Allen,BUF,QB,300,21.31692543,Tier 5,
373,Jimmy Horn Jr.,CAR,WR,300,20.91721574,,5
374,Will Shipley,PHI,RB,300,20.60360885,,5
375,Mitchell Evans,CAR,TE,300,20.58779149,,5
376,Mitchell Tinsley,CIN,WR,300,20.30900092,,5
377,Brevyn Spann-Ford,DAL,TE,300,20.13403184,,4
378,Brady Cook,NYJ,QB,300,20.12707465,Tier 5,
379,Tommy DeVito,NE,QB,300,19.6674433,Tier 5,
380,Jackson Hawes,BUF,TE,300,19.56668802,,5
381,Ben Sims,MIA,TE,300,19.53432829,,5
382,Durham Smythe,BAL,TE,300,19.41974534,,5
383,Julian Hill,NE,TE,300,18.65843645,,4
384,Tyler Huntley,BAL,QB,231,18.48967184,Tier 4,
385,Zavier Scott,MIN,RB,300,17.96949275,,4
386,Rasheen Ali,BAL,RB,300,17.75003851,,5
387,Andrew Ogletree,IND,TE,300,17.65313331,,5
388,Devontez Walker,BAL,WR,300,17.36431444,,5
389,Jawhar Jordan,HOU,RB,300,17.34470182,,5
390,Eric Saubert,SEA,TE,300,16.68806455,,5
391,Kendre Miller,NO,RB,300,16.47246786,,5
392,CJ Daniels,LAR,WR,300,16.30087413,,5
393,Trey Benson,ARI,RB,208.6,15.87225141,,5
394,Charlie Woerner,ATL,TE,300,15.82248405,,5
395,Kylen Granson,TEN,TE,300,15.80442246,,5
396,Davis Allen,LAR,TE,300,15.11656271,,5
397,Eli Heidenreich,PIT,RB,223.6,14.71182384,,5
398,Demarcus Robinson,SF,WR,300,14.58763476,,5
399,Devin Neal,NO,RB,227,14.39520184,,5
400,Tai Felton,MIN,WR,300,14.36825707,,5
401,Arian Smith,NYJ,WR,300,14.2677326,,5
402,Luke Farrell,SF,TE,300,14.0082984,,5
403,Will Kacmarek,MIA,TE,231,13.96379154,,5
404,Jack Stoll,CLE,TE,300,13.92363363,,5
405,Brenen Thompson,LAC,WR,210,13.33748535,,5
406,Foster Moreau,HOU,TE,300,13.15621857,,5
407,Hunter Luepke,DAL,RB,300,13.14568224,,5
408,Roschon Johnson,CHI,RB,300,12.85876849,,5
409,Xavier Weaver,ARI,WR,300,12.85154516,,5
410,Dylan Laube,LV,RB,300,12.82732688,,5
411,Brenden Bates,CLE,TE,300,12.77814638,,5
412,Johnny Mundt,PHI,TE,300,12.46797714,,5
413,Jarquez Hunter,LAR,RB,239,12.33750183,,5
414,Riley Leonard,IND,QB,300,12.27485613,Tier 5,
415,Tanner Koziol,JAX,TE,300,12.19400067,,5
416,Raheim Sanders,CLE,RB,300,12.12837051,,5
417,Nate Adkins,DEN,TE,300,12.09322499,,4
418,KeAndre Lambert-Smith,LAC,WR,300,12.05468935,,5
419,Malik Benson,LV,WR,229.67,11.95623902,,5
420,Jerome Ford,WAS,RB,300,11.94949253,,5
421,Kaleb Johnson,PIT,RB,224.22,11.55101289,,5
422,Payne Durham,TB,TE,300,11.25300012,,5
423,Jeremy Ruckert,NYJ,TE,300,11.22765246,,5
424,Kyle Williams,NE,WR,218,11.14110315,,5
425,Alec Ingold,LAC,RB,300,10.78290691,,5
426,Seth McGowan,IND,RB,300,10.61358362,,5
427,Emmanuel Henderson Jr.,SEA,WR,300,10.52754763,,5
428,Jonathan Mingo,DAL,WR,300,10.45264368,,5
429,Casey Washington,ATL,WR,300,10.39007056,,5
430,Mason Tipton,NO,WR,300,10.23086061,,5
431,Marquez Valdes-Scantling,DAL,WR,300,10.21991094,,5
432,Quintin Morris,JAX,TE,300,9.65029898,,5
433,Grant Calcaterra,PHI,TE,300,9.35201454,,5
434,Max Bredeson,MIN,RB,300,8.911685335,,5
435,Pierre Strong,GB,RB,300,8.843410875,,5
436,Austin Trammell,JAX,WR,300,8.835033095,,5
437,Jahdae Walker,CHI,WR,300,8.73752666,,5
438,Riley Nowakowski,PIT,TE,300,8.726365185,,5
439,Adam Prentice,DEN,RB,300,8.72063093,,5
440,Anthony Gould,IND,WR,300,8.70047075,,5
441,Tyrell Shavers,BUF,WR,300,8.568101385,,5
442,Teagan Quitoriano,ARI,TE,300,8.468505115,,5
443,Jack Westover,NE,TE,300,8.45382904,,5
444,Kameron Johnson,TB,WR,300,8.29456459,,5
445,Will Mallory,IND,TE,300,8.218983215,,5
446,Phil Mafah,DAL,RB,300,8.204099965,,5
447,Ben Skowronek,PIT,WR,300,8.10112431,,5
448,Ja'Lynn Polk,NO,WR,300,7.92715409,,5
449,Mecole Hardman,BUF,WR,300,7.909865015,,5
450,Tylan Wallace,CLE,WR,300,7.777280595,,5
451,Myles Price,MIN,WR,300,7.697548555,,5
452,Dareke Young,LV,WR,300,7.489518045,,5
453,Nate Carter,ATL,RB,300,7.364411845,,5
454,Jordan Watkins,SF,WR,300,7.11297116,,5
455,Lil'Jordan Humphrey,DEN,WR,300,6.924613725,,5
456,Drake Dabney,GB,TE,300,6.814235275,,5
457,Jared Wiley,KC,TE,300,6.58021154,,5
458,Darius Cooper,PHI,WR,300,6.530753995,,5
459,Tyler Badie,DEN,RB,300,6.46689146,,5
460,Derius Davis,LAC,WR,300,6.45442057,,5
461,Albert Okwuegbunam,LV,TE,300,6.43294445,,5
462,Tim Patrick,NYJ,WR,300,6.25822714,,5
463,LaJohntay Wester,BAL,WR,300,6.128312155,,5
464,Laquon Treadwell,IND,WR,300,6.116314325,,5
465,Tim Jones,JAX,WR,300,6.025209255,,5
466,British Brooks,HOU,RB,300,5.717308325,,5
467,David Martin-Robinson,TEN,TE,300,5.69239735,,5
468,Malachi Corley,CLE,WR,300,5.579234725,,5
469,C.J. Williams,JAX,WR,300,5.49919611,,5
470,Andrew Beck,NYJ,RB,300,5.21195966,,5
471,Colson Yankoff,WAS,TE,300,5.17837133,,5
472,Keleki Latu,BUF,TE,300,5.029434405,,5
473,Kevin Austin Jr.,NO,WR,300,4.984241366,,5
474,Jelani Woods,NYJ,TE,300,4.731221111,,55
475,Dyami Brown,WAS,WR,300,4.597941837,,5
476,Jeremy McNichols,WAS,RB,300,4.520062589,,5
477,DeeJay Dallas,JAX,RB,300,4.49315694,,5
478,Carter Runyon,LV,TE,300,4.470231008,,5
479,Jalen Brooks,ARI,WR,300,4.34277899,,5
480,Jake Bobo,SEA,WR,300,4.29611519,,5
481,Josh Cuevas,BAL,TE,300,4.072385033,,4
482,Robbie Ouzts,SEA,RB,300,3.987613203,,5
483,Terrell Jennings,NE,RB,300,3.939346492,,5
484,Sione Vaki,DET,RB,300,3.929594835,,5
485,Skyy Moore,GB,WR,300,3.891225675,,5
486,Joshua Simon,ATL,TE,300,3.799368659,,5
487,Isaiah Hodgins,NYG,WR,300,3.76268678,,5
488,Princeton Fant,DAL,TE,300,3.711808022,,5
489,Hunter Long,JAX,TE,300,3.461980969,,5
490,Nikko Remigio,KC,WR,300,3.390023191,,5
491,Theo Wease Jr.,MIA,WR,300,3.252740991,,5
492,Chris Manhertz,NYG,TE,300,3.239716289,,5
493,Kene Nwangwu,NYJ,RB,300,3.158420904,,5
494,Isaac Guerendo,SF,RB,300,3.145161823,,5
495,AJ Dillon,CAR,RB,300,3.114107007,,5
496,Thomas Fidone II,NYG,TE,300,3.112121607,,5
497,Jacob Cowing,SF,WR,300,3.002055519,,5
498,Jason Brownlee,KC,WR,300,2.986144529,,5
499,Gavin Bartholomew,MIN,TE,300,2.929316342,,5
500,Ty Chandler,NO,RB,300,2.892150882,,5
501,Patrick Ricard,NYG,RB,300,2.806648676,,5
502,Reggie Gilliam,NE,RB,300,2.732930462,,5
503,Josh Williams,TB,RB,300,2.725485373,,5
504,Kaden Wetjen,PIT,WR,300,2.71663797,,5
505,Jake Briningstool,KC,TE,300,2.653675287,,5
506,Beaux Collins,NYG,WR,300,2.651468774,,5
507,Devin Duvernay,ARI,WR,300,2.597515049,,5
508,Messiah Swinson,GB,TE,300,2.579711253,,5
509,Ronnie Rivers,LAR,RB,300,2.567648614,,5
510,CJ Dippre,NE,TE,300,2.555361073,,5
511,Brayden Willis,SF,TE,300,2.493136827,,5
512,Scott Miller,CHI,WR,300,2.489566241,,5
513,Brittain Brown,CHI,RB,300,2.467247368,,5
514,Devin Culp,TB,TE,300,2.44760812,,5
515,Cameron Latu,PHI,TE,300,2.442488051,,5
516,Jacob Saylors,DET,RB,300,2.417588553,,5
517,Dylan Drummond,ATL,WR,300,2.275725853,,5
518,Cam Grandy,CIN,TE,300,2.272303233,,5
519,Stephen Carlson,CHI,TE,300,2.231102913,,5
520,Jaret Patterson,LAC,RB,300,2.230697853,,5
521,Michael Carter,TEN,RB,300,2.055498531,,5
522,Frank Gore Jr.,BUF,RB,300,2.021131675,,5
523,Kalel Mullings,TEN,RB,300,1.985553371,,5
524,Dominic Lovett,DET,WR,300,1.959404244,,5
525,Dameon Pierce,PHI,RB,300,1.933121399,,5
526,Chris Collier,LV,RB,300,1.898733594,,5
527,Damien Martinez,GB,RB,300,1.859845851,,5
528,Zaire Mitchell-Paden,NO,TE,300,1.857923828,,5
529,Elijah Moore,PHI,WR,300,1.852002266,,5
530,Mason Kinsey,TEN,WR,300,1.838379261,,5
531,A.T. Perry,PIT,WR,300,1.816836679,,5
532,Justin Watson,HOU,WR,300,1.764973905,,5
533,JJ Galbreath,PIT,TE,300,1.605726353,,5
534,Efton Chism III,NE,WR,300,1.566003977,,5
535,Donovan Edwards,MIA,RB,300,1.522392192,,5
536,Eric Gray,NYG,RB,300,1.484230862,,5
537,JP Richardson,CHI,WR,300,1.458417335,,5
538,Nick Kallerup,SEA,TE,300,1.440174671,,5
539,Ke'Shawn Williams,CIN,WR,300,1.405306802,,5
540,Feleipe Franks,CAR,TE,300,1.29912754,,5
541,Bam Knight,ARI,RB,300,1.256069603,,5
542,Tom Kennedy,DET,WR,300,1.110219978,,5
543,Ahmani Marshall,CLE,RB,300,1.073472246,,5
544,Charlie Jones,CIN,WR,300,1.033710907,,5
545,Jeshaun Jones,MIN,WR,300,0.977491017,,5
546,Dontae Fleming,MIN,WR,300,0.977491017,,5
547,Jared Wayne,HOU,WR,300,0.9702824445,,5
548,Ulysses Bentley IV,IND,RB,300,0.9558642495,,5
549,Zach Horton,DET,TE,300,0.884435312,,5
550,Gary Brightwell,CIN,RB,300,0.8822239655,,5
551,Hayden Rucci,SF,TE,300,0.6399395395,,5
552,Ko Kieft,TB,TE,300,0.575664851,,5
553,Kendrick Law,DET,WR,300,0,,5
554,Gardner Minshew,ARI,QB,300,0,Tier 4,
555,Rivaldo Fairweather,ARI,TE,300,0,,4
556,Adam Randall,BAL,RB,222.6,0,,5
557,Dayton Wade,BAL,WR,300,0,,5
558,Ben Vansumeren,BUF,RB,300,0,,5
559,David Moore,CAR,WR,300,0,,5
560,Nikola Kalinic,CHI,TE,300,0,,5
561,Michael Burton,CLE,RB,300,0,,5
562,Michael Bandy,DEN,WR,300,0,,5
563,Lucas Krull,DEN,TE,240,0,,5
564,Brevin Jordan,HOU,TE,300,0,,5
565,Ameer Abdullah,JAX,RB,300,0,,5
566,Stetson Bennett,LAR,QB,300,0,Tier 5,
567,Tyler Scott,LAR,WR,300,0,,5
568,Aidan O'Connell,LV,QB,300,0,Tier 5,
569,Shedrick Jackson,LV,WR,300,0,,5
570,Jam Miller,NE,RB,300,0,,5
571,Moliki Matavao,NO,TE,300,0,,5
572,Andy Dalton,PHI,QB,300,0,Tier 5,
573,Mason Rudolph,PIT,QB,300,0,Tier 5,
574,Travis Homer,PIT,RB,300,0,,5
575,Jalen Milroe,SEA,QB,220,0,Tier 5,
576,Ricky White III,SEA,WR,300,0,,5
577,Harrison Bryant,SEA,TE,300,0,,5
578,Garrett Greene,TB,WR,300,0,,5
579,Bauer Sharp,TB,TE,300,0,,5
580,Xavier Restrepo,TEN,WR,300,0,,5
581,Lawrence Cager,WAS,TE,300,0,,5