full_name,posteam,position,week,targets,targets_pg,target_share,receptions,rec_pg,rec_ypg,rec_tds,rz_targets_pg,rz_target_share,rec_drops,rec_drop_rate,rec_ay_pg,ay_share,rec_adot,wopr,racr,yac,yac_pr
Amon-Ra St. Brown,DET,WR,7,19,19,0.3220338983,13,13,102,0,0,0,38,2,122,0.357771261,6.421052632,0.7012873403,0.8360655738,26,2
Alvin Kamara,NO,RB,7,15,15,0.2631578947,12,12,93,0,1,0.125,15,1,6,0.01863354037,0.4,0.3814645309,15.5,93,7.75
Chris Olave,NO,WR,7,15,15,0.2631578947,7,7,57,0,3,0.375,15,1,118,0.3664596273,7.866666667,0.6249427918,0.4830508475,25,3.571428571
Tyreek Hill,MIA,WR,7,15,15,0.4166666667,11,11,88,1,0,0,30,2,99,0.3822393822,6.6,0.8509009009,0.8888888889,25,2.272727273
A.J. Brown,PHI,WR,7,15,15,0.4411764706,10,10,137,2,2,0.4,15,1,146,0.6403508772,9.733333333,1.065892673,0.9383561644,29,2.9
Travis Kelce,KC,TE,7,13,13,0.3023255814,12,12,179,1,1,0.125,0,0,130,0.3790087464,10,0.6885619364,1.376923077,73,6.083333333
Jakobi Meyers,LV,WR,7,13,13,0.2765957447,7,7,50,1,0,NA,0,0,135,0.4179566563,10.38461538,0.679803702,0.3703703704,9,1.285714286
Chris Godwin,TB,WR,7,12,12,0.2666666667,6,6,66,0,3,0.5,0,0,97,0.3050314465,8.083333333,0.5868553459,0.6804123711,38,6.333333333
Stefon Diggs,BUF,WR,7,12,12,0.2790697674,6,6,58,1,4,0.6666666667,12,1,219,0.4877505568,18.25,0.7321230642,0.2648401826,24,4
Davante Adams,LV,WR,7,12,12,0.2553191489,7,7,57,1,0,NA,0,0,85,0.2631578947,7.083333333,0.5416573348,0.6705882353,26,3.714285714
Puka Nacua,LA,WR,7,12,12,0.375,8,8,154,0,2,0.6666666667,0,0,116,0.4410646388,9.666666667,0.8337452471,1.327586207,92,11.5
T.J. Hockenson,MIN,TE,7,12,12,0.2666666667,11,11,86,0,2,0.5,0,0,52,0.2088353414,4.333333333,0.5195180723,1.653846154,36,3.272727273
Jahmyr Gibbs,DET,RB,7,11,11,0.186440678,9,9,58,0,0,0,0,0,4,0.01173020528,0.3636363636,0.2692280928,14.5,57,6.333333333
Jordan Addison,MIN,WR,7,10,10,0.2222222222,7,7,123,2,0,0,0,0,99,0.3975903614,9.9,0.5894243641,1.242424242,55,7.857142857
David Njoku,CLE,TE,7,9,9,0.2307692308,5,5,54,0,1,0.1666666667,9,1,23,0.07590759076,2.555555556,0.3762122366,2.347826087,42,8.4
Keenan Allen,LAC,WR,7,9,9,0.2571428571,4,4,55,0,0,0,9,1,95,0.2932098765,10.55555556,0.5652469136,0.5789473684,13,3.25
D.J. Moore,CHI,WR,7,9,9,0.2903225806,8,8,54,0,0,0,9,1,30,0.5660377358,3.333333333,0.802678028,1.8,29,3.625
Jauan Jennings,SF,WR,7,9,9,0.2903225806,5,5,54,0,0,0,0,0,70,0.2916666667,7.777777778,0.6106182796,0.7714285714,21,4.2
Terry McLaurin,WAS,WR,7,9,9,0.1875,6,6,90,0,2,0.1666666667,9,1,115,0.3050397878,12.77777778,0.4760278515,0.7826086957,18,3
Mike Evans,TB,WR,7,8,8,0.1777777778,6,6,82,1,2,0.3333333333,0,0,87,0.2735849057,10.875,0.4403983229,0.9425287356,23,3.833333333
Dalton Kincaid,BUF,TE,7,8,8,0.1860465116,8,8,75,0,1,0.1666666667,0,0,37,0.08240534521,4.625,0.3181488579,2.027027027,38,4.75
Amari Cooper,CLE,WR,7,8,8,0.2051282051,2,2,22,0,2,0.3333333333,16,2,123,0.4059405941,15.375,0.571337903,0.1788617886,1,0.5
Rashid Shaheed,NO,WR,7,8,8,0.1403508772,4,4,28,1,2,0.25,0,0,76,0.2360248447,9.5,0.3617086194,0.3684210526,16,4
George Pickens,PIT,WR,7,8,8,0.2962962963,5,5,107,0,1,0.3333333333,8,1,131,0.6150234742,16.375,0.8453312467,0.8167938931,34,6.8
Cooper Kupp,LA,WR,7,8,8,0.25,2,2,31,0,0,0,16,2,49,0.1863117871,6.125,0.480418251,0.6326530612,0,0
Curtis Samuel,WAS,WR,7,8,8,0.1666666667,4,4,25,0,1,0.08333333333,0,0,57,0.151193634,7.125,0.3391688771,0.4385964912,14,3.5
Jahan Dotson,WAS,WR,7,8,8,0.1666666667,5,5,43,0,2,0.1666666667,8,1,75,0.198938992,9.375,0.3725906278,0.5733333333,11,2.2
Darren Waller,NYG,TE,7,8,8,0.2424242424,7,7,98,1,1,0.1428571429,0,0,76,0.2389937107,9.5,0.5066895369,1.289473684,31,4.428571429
Jaxon Smith-Njigba,SEA,WR,7,7,7,0.2692307692,4,4,63,1,0,0,14,2,70,0.3056768559,10,0.590896876,0.9,13,3.25
Marquise Brown,ARI,WR,7,7,7,0.1842105263,3,3,49,0,2,0.2222222222,7,1,71,0.3008474576,10.14285714,0.4684879572,0.6901408451,8,2.666666667
Drake London,ATL,WR,7,7,7,0.2692307692,6,6,54,0,1,0.5,0,0,36,0.1773399015,5.142857143,0.501061008,1.5,23,3.833333333
Kendrick Bourne,NE,WR,7,7,7,0.2258064516,6,6,63,1,1,0.5,0,0,13,0.13,1.857142857,0.4071290323,4.846153846,46,7.666666667
Elijah Moore,CLE,WR,7,7,7,0.1794871795,4,4,59,0,1,0.1666666667,0,0,63,0.2079207921,9,0.3968266057,0.9365079365,21,5.25
Odell Beckham,BAL,WR,7,7,7,0.25,5,5,49,0,1,0.3333333333,0,0,83,0.3360323887,11.85714286,0.5852226721,0.5903614458,7,1.4
Sam LaPorta,DET,TE,7,7,7,0.1186440678,6,6,52,0,1,1,0,0,51,0.1495601173,7.285714286,0.270793777,1.019607843,13,2.166666667
Evan Engram,JAX,TE,7,7,7,0.2333333333,5,5,45,0,0,0,0,0,34,0.1780104712,4.857142857,0.4512739965,1.323529412,35,7
Michael Thomas,NO,WR,7,7,7,0.1228070175,3,3,42,1,1,0.125,0,0,65,0.201863354,9.285714286,0.3132341724,0.6461538462,14,4.666666667
Josh Palmer,LAC,WR,7,7,7,0.2,5,5,133,0,1,0.5,0,0,104,0.3209876543,14.85714286,0.504691358,1.278846154,49,9.8
George Kittle,SF,TE,7,7,7,0.2258064516,5,5,78,0,0,0,0,0,86,0.3583333333,12.28571429,0.5669623656,0.9069767442,23,4.6
Trey McBride,ARI,TE,7,6,6,0.1578947368,3,3,29,0,1,0.1111111111,0,0,26,0.1101694915,4.333333333,0.2981712756,1.115384615,27,9
Rachaad White,TB,RB,7,6,6,0.1333333333,6,6,65,0,0,0,0,0,2,0.006289308176,0.3333333333,0.1910691824,32.5,63,10.5
Cade Otton,TB,TE,7,6,6,0.1333333333,5,5,43,0,1,0.1666666667,0,0,42,0.1320754717,7,0.2791194969,1.023809524,16,3.2
Demario Douglas,NE,WR,7,6,6,0.1935483871,4,4,54,0,0,0,0,0,21,0.21,3.5,0.4179677419,2.571428571,29,7.25
Rhamondre Stevenson,NE,RB,7,6,6,0.1935483871,6,6,51,0,0,0,0,0,0,0,0,0.2709677419,Inf,51,8.5
Josh Downs,IND,WR,7,6,6,0.2222222222,5,5,125,1,0,0,0,0,97,0.4641148325,16.16666667,0.6359914939,1.288659794,65,13
Zay Flowers,BAL,WR,7,6,6,0.2142857143,4,4,75,0,1,0.3333333333,6,1,53,0.2145748988,8.833333333,0.4502024291,1.41509434,31,7.75
Jameson Williams,DET,WR,7,6,6,0.1016949153,0,0,0,0,0,0,6,1,139,0.4076246334,23.16666667,0.4277101248,0,0,NA
Mark Andrews,BAL,TE,7,6,6,0.2142857143,4,4,63,2,0,0,0,0,39,0.1578947368,6.5,0.4105263158,1.615384615,33,8.25
Courtland Sutton,DEN,WR,7,6,6,0.2,6,6,76,1,0,0,0,0,66,0.2907488987,11,0.4835242291,1.151515152,10,1.666666667
Christian Kirk,JAX,WR,7,6,6,0.2,6,6,90,1,0,0,0,0,45,0.2356020942,7.5,0.444921466,2,45,7.5
Jamal Agnew,JAX,WR,7,6,6,0.2,4,4,36,0,0,0,0,0,48,0.2513089005,8,0.4559162304,0.75,18,4.5
Rashee Rice,KC,WR,7,6,6,0.1395348837,5,5,60,1,3,0.375,0,0,39,0.1137026239,6.5,0.2749406739,1.538461538,47,9.4
Jaylen Waddle,MIA,WR,7,6,6,0.1666666667,6,6,63,0,1,0.5,0,0,48,0.1853281853,8,0.3630630631,1.3125,15,2.5
Diontae Johnson,PIT,WR,7,6,6,0.2222222222,5,5,79,0,1,0.3333333333,0,0,59,0.2769953052,9.833333333,0.5050078247,1.338983051,37,7.4
Brandon Aiyuk,SF,WR,7,6,6,0.1935483871,5,5,57,0,0,0,0,0,52,0.2166666667,8.666666667,0.4226344086,1.096153846,15,3
K.J. Osborn,MIN,WR,7,6,6,0.1333333333,5,5,47,0,0,0,6,1,67,0.2690763052,11.16666667,0.3750200803,0.7014925373,-1,-0.2
Logan Thomas,WAS,TE,7,6,6,0.125,4,4,51,0,2,0.1666666667,0,0,43,0.1140583554,7.166666667,0.2548408488,1.186046512,34,8.5
Jake Bobo,SEA,WR,7,5,5,0.1923076923,4,4,61,1,1,0.5,0,0,67,0.2925764192,13.4,0.4740342627,0.9104477612,9,2.25
Tyler Lockett,SEA,WR,7,5,5,0.1923076923,4,4,38,0,0,0,0,0,59,0.2576419214,11.8,0.4495801142,0.6440677966,2,0.5
Emari Demercado,ARI,RB,7,5,5,0.1315789474,4,4,17,0,0,0,0,0,3,0.01271186441,0.6,0.1931088314,5.666666667,13,3.25
Michael Wilson,ARI,WR,7,5,5,0.1315789474,3,3,26,0,1,0.1111111111,0,0,54,0.2288135593,10.8,0.3443800178,0.4814814815,2,0.6666666667
Kyle Pitts,ATL,TE,7,5,5,0.1923076923,3,3,47,0,0,0,0,0,46,0.2266009852,9.2,0.4278514589,1.02173913,22,7.333333333
Gabe Davis,BUF,WR,7,5,5,0.1162790698,1,1,6,0,0,0,0,0,78,0.1737193764,15.6,0.2843942611,0.07692307692,2,2
Michael Pittman,IND,WR,7,5,5,0.1851851852,2,2,83,1,0,0,0,0,71,0.3397129187,14.2,0.4970583023,1.169014085,61,30.5
Jerry Jeudy,DEN,WR,7,5,5,0.1666666667,5,5,64,0,1,0.3333333333,0,0,48,0.2114537445,9.6,0.3813509545,1.333333333,16,3.2
Luke Musgrave,GB,TE,7,5,5,0.15625,4,4,30,0,0,NA,0,0,18,0.0814479638,3.6,0.2757635747,1.666666667,16,4
Christian Watson,GB,WR,7,5,5,0.15625,3,3,27,0,0,NA,5,1,35,0.1583710407,7,0.3296097285,0.7714285714,10,3.333333333
Romeo Doubs,GB,WR,7,5,5,0.15625,2,2,30,1,0,NA,0,0,69,0.3122171946,13.8,0.4373020362,0.4347826087,16,8
Aaron Jones,GB,RB,7,5,5,0.15625,3,3,22,0,0,NA,0,0,15,0.06787330317,3,0.2662613122,1.466666667,9,3
Travis Etienne,JAX,RB,7,5,5,0.1666666667,3,3,24,0,1,0.5,0,0,-19,-0.09947643979,-3.8,0.1636998255,-1.263157895,39,13
Taysom Hill,NO,QB,7,5,5,0.08771929825,4,4,50,0,1,0.125,0,0,43,0.1335403727,8.6,0.2162852784,1.162790698,13,3.25
Marquez Valdes-Scantling,KC,WR,7,5,5,0.1162790698,3,3,84,1,2,0.25,5,1,69,0.2011661808,13.8,0.3036070242,1.217391304,35,11.66666667
D'Onta Foreman,CHI,RB,7,5,5,0.1612903226,3,3,31,1,0,0,5,1,-7,-0.1320754717,-1.4,0.1333536214,-4.428571429,37,12.33333333
Darnell Mooney,CHI,WR,7,5,5,0.1612903226,4,4,32,0,2,1,0,0,29,0.5471698113,5.8,0.6088253195,1.103448276,6,1.5
DeVonta Smith,PHI,WR,7,5,5,0.1470588235,4,4,49,0,0,0,0,0,54,0.2368421053,10.8,0.3716718266,0.9074074074,12,3
Dallas Goedert,PHI,TE,7,5,5,0.1470588235,5,5,77,1,0,0,0,0,22,0.09649122807,4.4,0.2734262126,3.5,55,11
Jalin Hyatt,NYG,WR,7,5,5,0.1515151515,2,2,75,0,2,0.2857142857,0,0,168,0.5283018868,33.6,0.5819325329,0.4464285714,2,1
Trey McBride,ARI,TE,8,14,14,0.35,10,10,95,1,3,0.4285714286,0,0,117,0.4448669202,8.357142857,0.8014068441,0.811965812,26,2.6
DK Metcalf,SEA,WR,8,14,14,0.3684210526,5,5,67,0,1,0.2,0,0,156,0.5492957746,11.14285714,0.9002965159,0.4294871795,14,2.8
Diontae Johnson,PIT,WR,8,14,14,0.3043478261,8,8,85,0,2,0.4,14,1,188,0.4883116883,13.42857143,0.7679051383,0.4521276596,9,1.125
CeeDee Lamb,DAL,WR,8,14,14,0.3783783784,12,12,158,2,0,0,0,0,144,0.4914675768,10.28571429,0.8737570335,1.097222222,64,5.333333333
Tyreek Hill,MIA,WR,8,13,13,0.2765957447,8,8,112,1,2,0.25,13,1,112,0.3672131148,8.615384615,0.6442832229,1,31,3.875
Michael Pittman,IND,WR,8,13,13,0.3023255814,8,8,40,1,0,0,0,0,76,0.2338461538,5.846153846,0.5869481216,0.5263157895,20,2.5
Garrett Wilson,NYJ,WR,8,13,13,0.325,7,7,100,0,2,0.2857142857,0,0,164,0.5963636364,12.61538462,0.8724545455,0.6097560976,19,2.714285714
Ja'Marr Chase,CIN,WR,8,12,12,0.3428571429,10,10,100,1,1,0.25,12,1,72,0.3977900552,6,0.7584530387,1.388888889,39,3.9
Jaylen Waddle,MIA,WR,8,12,12,0.2553191489,7,7,121,1,1,0.125,24,2,132,0.4327868852,11,0.6603976282,0.9166666667,42,6
Terry McLaurin,WAS,WR,8,12,12,0.2264150943,5,5,63,1,3,0.3,36,3,126,0.324742268,10.5,0.5443007197,0.5,8,1.6
Gabe Davis,BUF,WR,8,12,12,0.2857142857,9,9,87,1,1,0.5,0,0,80,0.3347280335,6.666666667,0.6343096234,1.0875,43,4.777777778
Stefon Diggs,BUF,WR,8,12,12,0.2857142857,9,9,70,0,0,0,0,0,74,0.309623431,6.166666667,0.6167364017,0.9459459459,27,3
George Kittle,SF,TE,8,11,11,0.3333333333,9,9,149,0,2,0.4,11,1,105,0.3888888889,9.545454545,0.7388888889,1.419047619,59,6.555555556
Amari Cooper,CLE,WR,8,11,11,0.3142857143,6,6,89,0,0,0,11,1,125,0.4416961131,11.36363636,0.7491872792,0.712,13,2.166666667
Adam Thielen,CAR,WR,8,11,11,0.2972972973,8,8,72,0,0,0,22,2,52,0.2653061224,4.727272727,0.6019305019,1.384615385,34,4.25
Marquise Brown,ARI,WR,8,10,10,0.25,6,6,33,1,1,0.1428571429,0,0,29,0.1102661597,2.9,0.4271863118,1.137931034,19,3.166666667
Keenan Allen,LAC,WR,8,10,10,0.25,8,8,69,0,2,1,0,0,118,0.6781609195,11.8,0.8247126437,0.5847457627,7,0.875
Cole Kmet,CHI,TE,8,10,10,0.2564102564,10,10,79,0,2,0.6666666667,0,0,53,0.2086614173,5.3,0.5050373511,1.490566038,26,2.6
Calvin Ridley,JAX,WR,8,10,10,0.2857142857,6,6,83,0,0,NA,10,1,129,0.6,12.9,0.82,0.6434108527,12,2
Evan Engram,JAX,TE,8,10,10,0.2857142857,10,10,88,0,0,NA,0,0,33,0.1534883721,3.3,0.5074418605,2.666666667,63,6.3
Cooper Kupp,LA,WR,8,10,10,0.2777777778,4,4,21,1,0,0,0,0,59,0.287804878,5.9,0.5903523035,0.3559322034,6,1.5
Sam LaPorta,DET,TE,8,10,10,0.2631578947,8,8,57,1,1,0.25,10,1,49,0.2865497076,4.9,0.569005848,1.163265306,31,3.875
K.J. Osborn,MIN,WR,8,10,10,0.2631578947,8,8,99,0,1,0.25,10,1,56,0.2641509434,5.6,0.553326713,1.767857143,50,6.25
Jahan Dotson,WAS,WR,8,10,10,0.1886792453,8,8,108,1,2,0.2,10,1,99,0.2551546392,9.9,0.4427591908,1.090909091,25,3.125
Brandon Aiyuk,SF,WR,8,9,9,0.2727272727,5,5,109,0,2,0.4,9,1,139,0.5148148148,15.44444444,0.7421885522,0.7841726619,22,4.4
Tyler Lockett,SEA,WR,8,9,9,0.2368421053,8,8,81,1,2,0.4,0,0,90,0.3169014085,10,0.5534099333,0.9,18,2.25
Travis Kelce,KC,TE,8,9,9,0.2195121951,6,6,58,0,0,0,9,1,43,0.155234657,4.777777778,0.4159813331,1.348837209,41,6.833333333
Amon-Ra St. Brown,DET,WR,8,9,9,0.2368421053,6,6,108,1,1,0.25,0,0,67,0.3918128655,7.444444444,0.6058479532,1.611940299,53,8.833333333
T.J. Hockenson,MIN,TE,8,9,9,0.2368421053,6,6,88,1,2,0.5,9,1,86,0.4056603774,9.555555556,0.6155412115,1.023255814,18,3
Romeo Doubs,GB,WR,8,9,9,0.2,4,4,18,1,1,0.1428571429,0,0,100,0.2688172043,11.11111111,0.468172043,0.18,12,3
Chris Olave,NO,WR,8,9,9,0.3,5,5,46,0,0,NA,9,1,170,0.4461942257,18.88888889,0.732335958,0.2705882353,11,2.2
Josh Downs,IND,WR,8,9,9,0.2093023256,7,7,72,0,1,0.1428571429,0,0,68,0.2092307692,7.555555556,0.4394847943,1.058823529,26,3.714285714
Breece Hall,NYJ,RB,8,9,9,0.225,6,6,76,1,2,0.2857142857,9,1,2,0.007272727273,0.2222222222,0.3200909091,38,75,12.5
Austin Ekeler,LAC,RB,8,8,8,0.2,7,7,94,1,0,0,0,0,-23,-0.132183908,-2.875,0.1874712644,-4.086956522,119,17
David Njoku,CLE,TE,8,8,8,0.2285714286,4,4,77,1,2,0.5,0,0,45,0.1590106007,5.625,0.4313074205,1.711111111,76,19
Jordan Addison,MIN,WR,8,8,8,0.2105263158,7,7,82,1,0,0,0,0,64,0.3018867925,8,0.5060575968,1.28125,30,4.285714286
Christian Watson,GB,WR,8,8,8,0.1777777778,3,3,33,0,2,0.2857142857,0,0,119,0.3198924731,14.875,0.4728136201,0.2773109244,9,3
A.J. Brown,PHI,WR,8,8,8,0.2,8,8,130,2,0,0,0,0,104,0.3421052632,13,0.5194736842,1.25,26,3.25
Logan Thomas,WAS,TE,8,8,8,0.1509433962,6,6,44,1,3,0.3,0,0,53,0.1365979381,6.625,0.3069393114,0.8301886792,27,4.5
Drake London,ATL,WR,8,7,7,0.175,5,5,55,0,0,0,0,0,66,0.2171052632,9.428571429,0.3969736842,0.8333333333,11,2.2
Zay Flowers,BAL,WR,8,7,7,0.2258064516,5,5,19,0,1,1,0,0,24,0.15,3.428571429,0.4211290323,0.7916666667,15,3
Christian McCaffrey,SF,RB,8,7,7,0.2121212121,6,6,64,1,1,0.2,0,0,22,0.08148148148,3.142857143,0.354006734,2.909090909,42,7
Tyler Higbee,LA,TE,8,7,7,0.1944444444,5,5,45,0,0,0,7,1,65,0.3170731707,9.285714286,0.4941734417,0.6923076923,22,4.4
Puka Nacua,LA,WR,8,7,7,0.1944444444,3,3,43,0,1,0.3333333333,0,0,43,0.2097560976,6.142857143,0.4190514905,1,31,10.33333333
Davante Adams,LV,WR,8,7,7,0.2592592593,1,1,11,0,2,0.3333333333,7,1,139,0.594017094,19.85714286,0.7787749288,0.07913669065,2,2
Demario Douglas,NE,WR,8,7,7,0.21875,5,5,25,0,0,0,0,0,42,0.21,6,0.45325,0.5952380952,23,4.6
Michael Thomas,NO,WR,8,7,7,0.2333333333,4,4,68,0,0,NA,14,2,57,0.1496062992,8.142857143,0.4313910761,1.192982456,27,6.75
Dallas Goedert,PHI,TE,8,7,7,0.175,4,4,36,0,1,0.5,0,0,25,0.08223684211,3.571428571,0.3025657895,1.44,23,5.75
DeVonta Smith,PHI,WR,8,7,7,0.175,7,7,99,1,0,0,0,0,61,0.2006578947,8.714285714,0.3854605263,1.62295082,38,5.428571429
Jamison Crowder,WAS,WR,8,7,7,0.1320754717,7,7,95,1,1,0.1,0,0,55,0.1417525773,7.857142857,0.2841324645,1.727272727,40,5.714285714
Cade Otton,TB,TE,8,7,7,0.152173913,4,4,29,0,1,0.1111111111,0,0,24,0.07843137255,3.428571429,0.267945439,1.208333333,12,3
Rachaad White,TB,RB,8,7,7,0.152173913,7,7,70,0,1,0.1111111111,0,0,-6,-0.01960784314,-0.8571428571,0.1993179881,-11.66666667,76,10.85714286
Dalton Kincaid,BUF,TE,8,7,7,0.1666666667,5,5,65,1,0,0,0,0,36,0.1506276151,5.142857143,0.3387726639,1.805555556,27,5.4
Chris Godwin,TB,WR,8,7,7,0.152173913,5,5,54,1,2,0.2222222222,0,0,52,0.1699346405,7.428571429,0.3319977266,1.038461538,17,3.4
DeAndre Hopkins,TEN,WR,8,6,6,0.1935483871,4,4,128,3,0,0,0,0,134,0.4148606811,22.33333333,0.5613702187,0.9552238806,33,8.25
Michael Wilson,ARI,WR,8,6,6,0.15,4,4,58,0,0,0,0,0,72,0.2737642586,12,0.401634981,0.8055555556,14,3.5
D.J. Moore,CHI,WR,8,6,6,0.1538461538,4,4,55,0,0,0,0,0,42,0.1653543307,7,0.3311326469,1.30952381,36,9
Quentin Johnston,LAC,WR,8,6,6,0.15,5,5,50,0,0,0,0,0,47,0.2701149425,7.833333333,0.3990804598,1.063829787,20,4
Tee Higgins,CIN,WR,8,6,6,0.1714285714,5,5,69,0,1,0.25,0,0,65,0.3591160221,10.83333333,0.4913812155,1.061538462,18,3.6
Dalton Schultz,HOU,TE,8,6,6,0.2222222222,2,2,5,0,1,0.2,0,0,7,0.03910614525,1.166666667,0.3384854128,0.7142857143,4,2
Nico Collins,HOU,WR,8,6,6,0.2222222222,4,4,30,0,1,0.2,0,0,97,0.5418994413,16.16666667,0.69044072,0.3092783505,13,3.25
Travis Etienne,JAX,RB,8,6,6,0.1714285714,3,3,70,1,0,NA,0,0,-2,-0.009302325581,-0.3333333333,0.2334883721,-35,56,18.66666667
Connor Heyward,PIT,TE,8,6,6,0.1304347826,5,5,24,0,0,0,0,0,24,0.06233766234,4,0.2262450593,1,10,2
Jerry Jeudy,DEN,WR,8,6,6,0.24,2,2,50,1,0,NA,0,0,126,0.9921259843,21,1.030488189,0.3968253968,2,1
Jayden Reed,GB,WR,8,6,6,0.1333333333,4,4,83,0,1,0.1428571429,0,0,97,0.2607526882,16.16666667,0.3691935484,0.8556701031,23,5.75
Allen Lazard,NYJ,WR,8,6,6,0.15,3,3,45,0,1,0.1428571429,6,1,67,0.2436363636,11.16666667,0.3805454545,0.671641791,8,2.666666667
Trey Palmer,TB,WR,8,6,6,0.1304347826,3,3,22,0,2,0.2222222222,6,1,34,0.1111111111,5.666666667,0.2603864734,0.6470588235,3,1
Mike Evans,TB,WR,8,6,6,0.1304347826,3,3,39,1,0,0,0,0,98,0.3202614379,16.33333333,0.4067917022,0.3979591837,0,0
Khalil Shakir,BUF,WR,8,6,6,0.1428571429,6,6,92,0,1,0.5,0,0,53,0.2217573222,8.833333333,0.3552301255,1.735849057,39,6.5
Chigoziem Okonkwo,TEN,TE,8,5,5,0.1612903226,4,4,23,0,1,0.5,5,1,35,0.1083591331,7,0.3016578448,0.6571428571,8,2
Kyle Pitts,ATL,TE,8,5,5,0.125,3,3,35,0,3,0.2727272727,0,0,60,0.1973684211,12,0.3131578947,0.5833333333,9,3
Bijan Robinson,ATL,RB,8,5,5,0.125,0,0,0,0,3,0.2727272727,0,0,9,0.02960526316,1.8,0.1957236842,0,0,NA
Van Jefferson,ATL,WR,8,5,5,0.125,3,3,24,0,2,0.1818181818,5,1,65,0.2138157895,13,0.3246710526,0.3692307692,4,1.333333333
Mark Andrews,BAL,TE,8,5,5,0.1612903226,4,4,40,1,0,0,0,0,24,0.15,4.8,0.3308064516,1.666666667,19,4.75
Donald Parham,LAC,TE,8,5,5,0.125,4,4,43,1,0,0,0,0,13,0.07471264368,2.6,0.2272988506,3.307692308,35,8.75
Elijah Moore,CLE,WR,8,5,5,0.1428571429,2,2,30,0,1,0.25,0,0,86,0.3038869258,17.2,0.4127208481,0.3488372093,11,5.5
Jonathan Mingo,CAR,WR,8,5,5,0.1351351351,4,4,62,0,2,0.25,5,1,44,0.2244897959,8.8,0.3463320463,1.409090909,28,7
Noah Brown,HOU,WR,8,5,5,0.1851851852,3,3,57,0,1,0.2,0,0,50,0.2793296089,10,0.4547899855,1.14,18,6
George Pickens,PIT,WR,8,5,5,0.1086956522,1,1,22,1,0,0,0,0,81,0.2103896104,16.2,0.2994466403,0.2716049383,15,15
Christian Kirk,JAX,WR,8,5,5,0.1428571429,4,4,46,0,0,NA,5,1,50,0.2325581395,10,0.3627906977,0.92,3,0.75
Najee Harris,PIT,RB,8,5,5,0.1086956522,5,5,42,0,1,0.2,0,0,11,0.02857142857,2.2,0.172173913,3.818181818,31,6.2
Jaylen Warren,PIT,RB,8,5,5,0.1086956522,4,4,19,0,0,0,5,1,4,0.01038961039,0.8,0.1594466403,4.75,22,5.5
Rashee Rice,KC,WR,8,5,5,0.1219512195,4,4,56,0,1,0.5,5,1,17,0.06137184116,3.4,0.2136919961,3.294117647,54,13.5
Jahmyr Gibbs,DET,RB,8,5,5,0.1315789474,5,5,37,0,0,0,0,0,-7,-0.04093567251,-1.4,0.1555555556,-5.285714286,44,8.8
Aaron Jones,GB,RB,8,5,5,0.1111111111,4,4,17,0,0,0,5,1,-4,-0.01075268817,-0.8,0.1480286738,-4.25,22,5.5
A.J. Dillon,GB,RB,8,5,5,0.1111111111,5,5,41,0,1,0.1428571429,0,0,-5,-0.01344086022,-1,0.1461469534,-8.2,46,9.2
Alvin Kamara,NO,RB,8,5,5,0.1666666667,4,4,51,1,0,NA,5,1,11,0.02887139108,2.2,0.2535433071,4.636363636,38,9.5
Alec Pierce,IND,WR,8,5,5,0.1162790698,3,3,41,0,1,0.1428571429,5,1,32,0.09846153846,6.4,0.2317137746,1.28125,18,6
Saquon Barkley,NYG,RB,8,5,5,0.2777777778,3,3,0,0,4,0.8,0,0,-18,-0.9,-3.6,-0.2411111111,0,12,4
Antonio Gibson,WAS,RB,8,5,5,0.09433962264,5,5,28,0,0,0,0,0,9,0.02319587629,1.8,0.1483125851,3.111111111,19,3.8
Kenneth Gainwell,PHI,RB,8,5,5,0.125,5,5,30,0,0,0,0,0,-1,-0.003289473684,-0.2,0.1726973684,-30,31,6.2
CeeDee Lamb,DAL,WR,9,16,16,0.3265306122,11,11,191,0,1,0.5,16,1,234,0.5571428571,14.625,0.8471428571,0.8162393162,57,5.181818182
Garrett Wilson,NYJ,WR,9,13,13,0.2280701754,7,7,80,0,1,0.2,0,0,165,0.4674220963,12.69230769,0.646493713,0.4848484848,23,3.285714286
T.J. Hockenson,MIN,TE,9,12,12,0.2926829268,7,7,69,0,1,0.25,0,0,76,0.3348017621,6.333333333,0.644117331,0.9078947368,34,4.857142857
Nathaniel Dell,HOU,WR,9,12,12,0.2553191489,6,6,114,2,2,0.3333333333,24,2,222,0.4794816415,18.5,0.6930839575,0.5135135135,9,1.5
Dalton Kincaid,BUF,TE,9,11,11,0.275,10,10,81,0,2,0.25,0,0,42,0.14,3.818181818,0.483,1.928571429,49,4.9
Dalton Schultz,HOU,TE,9,11,11,0.2340425532,10,10,130,1,1,0.1666666667,0,0,68,0.1468682505,6.181818182,0.4304673498,1.911764706,73,7.3
DeAndre Hopkins,TEN,WR,9,11,11,0.2558139535,4,4,60,0,2,0.3333333333,11,1,150,0.3816793893,13.63636364,0.6253151074,0.4,31,7.75
Jake Ferguson,DAL,TE,9,10,10,0.2040816327,7,7,91,1,0,0,10,1,75,0.1785714286,7.5,0.4107142857,1.213333333,42,6
Tyreek Hill,MIA,WR,9,10,10,0.2702702703,8,8,62,1,0,0,20,2,76,0.2704626335,7.6,0.5677022218,0.8157894737,26,3.25
Mark Andrews,BAL,TE,9,10,10,0.2941176471,9,9,80,0,1,0.3333333333,0,0,66,0.2462686567,6.6,0.5841527656,1.212121212,29,3.222222222
Tee Higgins,CIN,WR,9,9,9,0.2,8,8,110,0,1,0.3333333333,0,0,83,0.2871972318,9.222222222,0.4810380623,1.325301205,38,4.75
A.J. Brown,PHI,WR,9,9,9,0.3461538462,7,7,66,1,0,0,0,0,103,0.5175879397,11.44444444,0.8469269424,0.640776699,27,3.857142857
Keenan Allen,LAC,WR,9,9,9,0.2571428571,8,8,77,0,2,0.5,0,0,67,0.41875,7.444444444,0.653125,1.149253731,21,2.625
Cade Otton,TB,TE,9,9,9,0.28125,6,6,67,2,0,0,0,0,73,0.2765151515,8.111111111,0.5873106061,0.9178082192,30,5
Diontae Johnson,PIT,WR,9,9,9,0.3,7,7,90,1,0,0,0,0,75,0.46875,8.333333333,0.748125,1.2,39,5.571428571
Marquise Brown,ARI,WR,9,8,8,0.2962962963,4,4,24,0,2,0.3333333333,0,0,36,0.7346938776,4.5,0.9291005291,0.6666666667,7,1.75
Stefon Diggs,BUF,WR,9,8,8,0.2,6,6,88,1,2,0.25,0,0,48,0.16,6,0.392,1.833333333,42,7
Ja'Marr Chase,CIN,WR,9,8,8,0.1777777778,4,4,41,0,0,0,16,2,97,0.3356401384,12.125,0.4838369858,0.4226804124,19,4.75
Cole Kmet,CHI,TE,9,8,8,0.25,6,6,55,2,2,0.3333333333,0,0,41,0.222826087,5.125,0.5059782609,1.341463415,23,3.833333333
Chris Olave,NO,WR,9,8,8,0.2285714286,6,6,46,1,0,NA,0,0,64,0.4383561644,8,0.6268493151,0.71875,9,1.5
Michael Pittman,IND,WR,9,8,8,0.2962962963,8,8,64,0,0,0,0,0,38,0.4086021505,4.75,0.7008363202,1.684210526,26,3.25
Tyler Lockett,SEA,WR,9,8,8,0.25,3,3,32,0,0,0,0,0,82,0.3744292237,10.25,0.6121004566,0.3902439024,0,0
Jahan Dotson,WAS,WR,9,8,8,0.1666666667,4,4,69,1,1,0.2,8,1,115,0.2994791667,14.375,0.44296875,0.6,8,2
Terry McLaurin,WAS,WR,9,8,8,0.1666666667,5,5,73,0,1,0.2,0,0,65,0.1692708333,8.125,0.3518229167,1.123076923,45,9
Jerome Ford,CLE,RB,9,7,7,0.2258064516,5,5,33,0,1,1,7,1,1,0.004739336493,0.1428571429,0.3194465678,33,44,8.8
Austin Ekeler,LAC,RB,9,7,7,0.2,2,2,23,0,1,0.25,21,3,-4,-0.025,-0.5714285714,0.2625,-5.75,14,7
Puka Nacua,LA,WR,9,7,7,0.2413793103,3,3,32,0,1,1,7,1,41,0.1564885496,5.857142857,0.4474730192,0.7804878049,5,1.666666667
Tutu Atwell,LA,WR,9,7,7,0.2413793103,4,4,13,0,0,0,0,0,59,0.2251908397,8.428571429,0.4955646223,0.2203389831,3,0.75
Cooper Kupp,LA,WR,9,7,7,0.2413793103,2,2,48,0,0,0,0,0,131,0.5,18.71428571,0.6879310345,0.3664122137,16,8
Jordan Addison,MIN,WR,9,7,7,0.1707317073,5,5,52,0,1,0.25,0,0,72,0.3171806167,10.28571429,0.461050822,0.7222222222,4,0.8
Darius Slayton,NYG,WR,9,7,7,0.1842105263,4,4,59,0,1,0.1428571429,0,0,66,0.2307692308,9.428571429,0.4194331984,0.8939393939,33,8.25
Davante Adams,LV,WR,9,7,7,0.28,4,4,34,0,1,0.3333333333,0,0,76,0.3743842365,10.85714286,0.6540689655,0.4473684211,16,4
Jaxon Smith-Njigba,SEA,WR,9,7,7,0.21875,6,6,63,0,1,0.2,7,1,46,0.2100456621,6.571428571,0.4532819635,1.369565217,24,4
Odell Beckham,BAL,WR,9,7,7,0.2058823529,5,5,56,1,0,0,7,1,59,0.2201492537,8.428571429,0.4423397717,0.9491525424,14,2.8
Demario Douglas,NE,WR,9,7,7,0.1590909091,5,5,55,0,4,0.5,0,0,48,0.128,6.857142857,0.3123272727,1.145833333,31,6.2
JuJu Smith-Schuster,NE,WR,9,7,7,0.1590909091,6,6,51,0,1,0.125,7,1,34,0.09066666667,4.857142857,0.2861939394,1.5,25,4.166666667
David Njoku,CLE,TE,9,6,6,0.1935483871,4,4,26,1,0,0,6,1,6,0.02843601896,1,0.2908729552,4.333333333,23,5.75
Joe Mixon,CIN,RB,9,6,6,0.1333333333,5,5,31,0,1,0.3333333333,0,0,-22,-0.07612456747,-3.666666667,0.1333794694,-1.409090909,48,9.6
Darnell Mooney,CHI,WR,9,6,6,0.1875,5,5,82,0,0,0,0,0,26,0.1413043478,4.333333333,0.3614130435,3.153846154,69,13.8
Chuba Hubbard,CAR,RB,9,6,6,0.1395348837,4,4,9,1,1,0.125,0,0,-4,-0.02222222222,-0.6666666667,0.1797932817,-2.25,16,4
Adam Thielen,CAR,WR,9,6,6,0.1395348837,5,5,29,0,3,0.375,0,0,29,0.1611111111,4.833333333,0.308126615,1,10,2
Allen Lazard,NYJ,WR,9,6,6,0.1052631579,2,2,18,0,1,0.2,6,1,56,0.1586402266,9.333333333,0.2584165797,0.3214285714,8,4
Michael Carter,NYJ,RB,9,6,6,0.1052631579,6,6,24,0,0,0,0,0,-1,-0.00283286119,-0.1666666667,0.1453854182,-24,25,4.166666667
Tyler Conklin,NYJ,TE,9,6,6,0.1052631579,6,6,66,0,1,0.2,0,0,48,0.1359773371,8,0.242552557,1.375,18,3
Aaron Jones,GB,RB,9,6,6,0.2,4,4,26,0,4,0.6666666667,0,0,-31,-0.1791907514,-5.166666667,0.154566474,-0.8387096774,46,11.5
Jaylen Waddle,MIA,WR,9,6,6,0.1621621622,3,3,42,0,0,0,0,0,98,0.3487544484,16.33333333,0.4711551409,0.4285714286,8,2.666666667
Jonnu Smith,ATL,TE,9,6,6,0.1538461538,5,5,100,1,0,NA,0,0,12,0.03069053708,2,0.2368679913,8.333333333,104,20.8
Noah Brown,HOU,WR,9,6,6,0.1276595745,6,6,153,1,1,0.1666666667,0,0,75,0.161987041,12.5,0.292114333,2.04,78,13
Chris Godwin,TB,WR,9,6,6,0.1875,2,2,16,0,1,0.3333333333,0,0,48,0.1818181818,8,0.3897727273,0.3333333333,14,7
Tyjae Spears,TEN,RB,9,6,6,0.1395348837,4,4,4,0,0,0,0,0,0,0,0,0.1953488372,Inf,18,4.5
Rhamondre Stevenson,NE,RB,9,6,6,0.1363636364,4,4,42,0,2,0.25,6,1,21,0.056,3.5,0.2301090909,2,42,10.5
Hunter Henry,NE,TE,9,6,6,0.1363636364,4,4,39,1,0,0,0,0,57,0.152,9.5,0.2973090909,0.6842105263,6,1.5
Jamison Crowder,WAS,WR,9,6,6,0.125,4,4,23,0,1,0.2,0,0,40,0.1041666667,6.666666667,0.2479166667,0.575,9,2.25
Jalen Reagor,NE,WR,9,6,6,0.1363636364,1,1,11,0,0,0,6,1,118,0.3146666667,19.66666667,0.4111757576,0.09322033898,3,3
Trey McBride,ARI,TE,9,5,5,0.1851851852,3,3,22,0,1,0.1666666667,0,0,28,0.5714285714,5.6,0.6592592593,0.7857142857,11,3.666666667
Amari Cooper,CLE,WR,9,5,5,0.1612903226,5,5,139,1,0,0,0,0,106,0.5023696682,21.2,0.5774652194,1.311320755,33,6.6
Tyler Boyd,CIN,WR,9,5,5,0.1111111111,3,3,56,0,0,0,5,1,71,0.2456747405,14.2,0.3275278739,0.7887323944,14,4.666666667
D.J. Moore,CHI,WR,9,5,5,0.15625,3,3,44,0,1,0.1666666667,0,0,95,0.5163043478,19,0.5801630435,0.4631578947,7,2.333333333
Taysom Hill,NO,QB,9,5,5,0.1428571429,4,4,13,1,0,NA,0,0,12,0.08219178082,2.4,0.2575342466,1.083333333,4,1
Alvin Kamara,NO,RB,9,5,5,0.1428571429,4,4,44,0,0,NA,0,0,6,0.04109589041,1.2,0.2287671233,7.333333333,36,9
Juwan Johnson,NO,TE,9,5,5,0.1428571429,5,5,29,1,0,NA,0,0,20,0.1369863014,4,0.295890411,1.45,9,1.8
Tony Pollard,DAL,RB,9,5,5,0.1020408163,3,3,12,0,1,0.5,5,1,-8,-0.01904761905,-1.6,0.1295238095,-1.5,18,6
Jalen Tolbert,DAL,WR,9,5,5,0.1020408163,3,3,49,1,0,0,0,0,72,0.1714285714,14.4,0.2628571429,0.6805555556,9,3
Jonathan Taylor,IND,RB,9,5,5,0.1851851852,5,5,22,1,1,0.5,0,0,-14,-0.1505376344,-2.8,0.1538829152,-1.571428571,36,7.2
Stephen Sullivan,CAR,TE,9,5,5,0.1162790698,4,4,28,0,0,0,0,0,31,0.1722222222,6.2,0.2833462532,0.9032258065,2,0.5
Miles Sanders,CAR,RB,9,5,5,0.1162790698,3,3,22,1,0,0,5,1,-1,-0.005555555556,-0.2,0.1589018088,-22,25,8.333333333
C.J. Uzomah,NYJ,TE,9,5,5,0.08771929825,2,2,11,0,1,0.2,5,1,30,0.08498583569,6,0.1822971025,0.3666666667,2,1
Justin Watson,KC,WR,9,5,5,0.15625,2,2,15,0,2,0.25,5,1,77,0.4610778443,15.4,0.541504491,0.1948051948,4,2
Cedrick Wilson,MIA,WR,9,5,5,0.1351351351,1,1,31,1,1,0.5,0,0,87,0.3096085409,17.4,0.4059151678,0.3563218391,0,0
Kyle Pitts,ATL,TE,9,5,5,0.1282051282,4,4,56,0,0,NA,0,0,54,0.1381074169,10.8,0.2761623713,1.037037037,15,3.75
Wan'Dale Robinson,NYG,WR,9,5,5,0.1315789474,4,4,35,1,1,0.1428571429,0,0,28,0.0979020979,5.6,0.2527419948,1.25,15,3.75
Jakobi Meyers,LV,WR,9,5,5,0.2,2,2,38,0,0,0,5,1,48,0.236453202,9.6,0.4455172414,0.7916666667,26,13
Jalin Hyatt,NYG,WR,9,5,5,0.1315789474,2,2,19,0,1,0.1428571429,0,0,151,0.527972028,30.2,0.5537909459,0.1258278146,5,2.5
Rashod Bateman,BAL,WR,9,5,5,0.1470588235,3,3,28,0,1,0.3333333333,0,0,108,0.4029850746,21.6,0.4879719052,0.2592592593,0,0
Nico Collins,HOU,WR,9,5,5,0.1063829787,3,3,54,1,1,0.1666666667,0,0,48,0.1036717063,9.6,0.2215063646,1.125,29,9.666666667
Mike Evans,TB,WR,9,5,5,0.15625,4,4,87,0,0,0,0,0,82,0.3106060606,16.4,0.4361742424,1.06097561,9,2.25
George Pickens,PIT,WR,9,5,5,0.1666666667,2,2,-1,0,1,0.3333333333,5,1,29,0.18125,5.8,0.3602083333,-0.03448275862,0,0
Kyle Philips,TEN,WR,9,5,5,0.1162790698,4,4,68,0,1,0.1666666667,0,0,72,0.1832061069,14.4,0.2910349725,0.9444444444,8,2
Antonio Gibson,WAS,RB,9,5,5,0.1041666667,5,5,42,0,1,0.2,0,0,-10,-0.02604166667,-2,0.1276041667,-4.2,52,10.4
Ezekiel Elliott,NE,RB,9,5,5,0.1136363636,3,3,15,0,1,0.125,0,0,5,0.01333333333,1,0.1684242424,3,16,5.333333333
Logan Thomas,WAS,TE,9,5,5,0.1041666667,4,4,31,0,0,0,0,0,19,0.04947916667,3.8,0.18046875,1.631578947,23,5.75
T.J. Hockenson,MIN,TE,10,15,15,0.4285714286,11,11,134,1,0,0,0,0,134,0.5018726592,8.933333333,0.9513108614,1,50,4.545454545
Keenan Allen,LAC,WR,10,14,14,0.35,11,11,175,2,2,0.5,0,0,141,0.5164835165,10.07142857,0.8515384615,1.241134752,62,5.636363636
Nathaniel Dell,HOU,WR,10,14,14,0.35,6,6,56,1,0,0,28,2,182,0.3905579399,13,0.7633905579,0.3076923077,12,2
CeeDee Lamb,DAL,WR,10,14,14,0.3181818182,11,11,151,1,3,0.375,0,0,157,0.3420479303,11.21428571,0.6848880967,0.9617834395,42,3.818181818
Garrett Wilson,NYJ,WR,10,14,14,0.3333333333,9,9,93,0,2,0.25,14,1,123,0.3342391304,8.785714286,0.700634058,0.756097561,46,5.111111111
Davante Adams,LV,WR,10,13,13,0.4333333333,6,6,86,0,0,NA,0,0,175,0.8883248731,13.46153846,1.228494078,0.4914285714,37,6.166666667
Tyler Boyd,CIN,WR,10,12,12,0.2727272727,8,8,117,0,0,0,24,2,100,0.2840909091,8.333333333,0.5806818182,1.17,73,9.125
Michael Pittman,IND,WR,10,12,12,0.4285714286,8,8,84,0,0,0,0,0,104,0.4210526316,8.666666667,0.8947368421,0.8076923077,20,2.5
DK Metcalf,SEA,WR,10,12,12,0.25,7,7,98,0,0,0,0,0,137,0.4928057554,11.41666667,0.6949640288,0.7153284672,42,6
Courtland Sutton,DEN,WR,10,11,11,0.3333333333,8,8,53,1,0,0,11,1,68,0.68,6.181818182,0.9426666667,0.7794117647,16,2
Christian Kirk,JAX,WR,10,11,11,0.2972972973,6,6,104,0,1,0.125,0,0,151,0.6741071429,13.72727273,0.8880912162,0.6887417219,37,6.166666667
Adam Thielen,CAR,WR,10,10,10,0.243902439,6,6,42,0,2,0.2857142857,10,1,36,0.140077821,3.6,0.4395178893,1.166666667,24,4
Brandin Cooks,DAL,WR,10,10,10,0.2272727273,9,9,173,1,4,0.5,0,0,133,0.2897603486,13.3,0.5210140622,1.30075188,61,6.777777778
Christian McCaffrey,SF,RB,10,10,10,0.3333333333,6,6,47,0,2,0.4,0,0,0,0,0,0.4666666667,Inf,51,8.5
Mike Evans,TB,WR,10,10,10,0.3125,6,6,143,1,2,0.6666666667,20,2,190,0.5444126074,19,0.8185888252,0.7526315789,25,4.166666667
Tyler Lockett,SEA,WR,10,10,10,0.2083333333,8,8,92,1,2,0.6666666667,0,0,104,0.3741007194,10.4,0.5535371703,0.8846153846,45,5.625
Trey McBride,ARI,TE,10,9,9,0.2571428571,8,8,131,0,1,0.5,0,0,85,0.2552552553,9.444444444,0.5386786787,1.541176471,60,7.5
D.J. Moore,CHI,WR,10,9,9,0.2727272727,5,5,58,0,0,0,0,0,108,0.4864864865,12,0.7223587224,0.537037037,33,6.6
David Njoku,CLE,TE,10,9,9,0.2307692308,6,6,58,1,1,0.5,18,2,5,0.01351351351,0.5555555556,0.3325363825,11.6,58,9.666666667
Amari Cooper,CLE,WR,10,9,9,0.2307692308,6,6,98,0,1,0.5,0,0,122,0.3297297297,13.55555556,0.5538877339,0.8032786885,33,5.5
Amon-Ra St. Brown,DET,WR,10,9,9,0.2727272727,8,8,156,1,0,NA,0,0,114,0.4653061224,12.66666667,0.7075324675,1.368421053,70,8.75
Demario Douglas,NE,WR,10,9,9,0.28125,6,6,84,0,2,0.3333333333,0,0,61,0.4919354839,6.777777778,0.7381048387,1.37704918,66,11
Rashid Shaheed,NO,WR,10,9,9,0.1956521739,5,5,24,0,0,0,9,1,94,0.194214876,10.44444444,0.4098634567,0.2553191489,15,3
Chris Olave,NO,WR,10,9,9,0.1956521739,6,6,94,1,2,0.25,0,0,182,0.3760330579,20.22222222,0.537136184,0.5164835165,18,3
DeAndre Hopkins,TEN,WR,10,9,9,0.2093023256,3,3,27,0,1,0.2,0,0,184,0.4107142857,20.44444444,0.5805232558,0.1467391304,3,1
Rondale Moore,ARI,WR,10,8,8,0.2285714286,5,5,43,0,0,0,0,0,70,0.2102102102,8.75,0.4671471471,0.6142857143,36,7.2
Noah Brown,HOU,WR,10,8,8,0.2,7,7,172,0,2,0.6666666667,0,0,132,0.2832618026,16.5,0.4782832618,1.303030303,45,6.428571429
Terry McLaurin,WAS,WR,10,8,8,0.170212766,4,4,33,0,0,0,0,0,67,0.3059360731,8.375,0.4524531235,0.4925373134,13,3.25
Cole Kmet,CHI,TE,10,7,7,0.2121212121,5,5,45,0,0,0,0,0,30,0.1351351351,4.285714286,0.3915642916,1.5,36,7.2
Jonathan Mingo,CAR,WR,10,7,7,0.1707317073,3,3,20,0,0,0,0,0,48,0.186770428,6.857142857,0.3697636899,0.4166666667,18,6
Elijah Moore,CLE,WR,10,7,7,0.1794871795,5,5,44,1,0,0,0,0,82,0.2216216216,11.71428571,0.4064171864,0.5365853659,13,2.6
Gabe Davis,BUF,WR,10,7,7,0.2592592593,2,2,58,0,3,0.4285714286,7,1,101,0.4469026549,14.42857143,0.6757948214,0.5742574257,17,8.5
Austin Ekeler,LAC,RB,10,7,7,0.175,4,4,48,0,2,0.5,7,1,-19,-0.0695970696,-2.714285714,0.1962820513,-2.526315789,55,13.75
Christian Watson,GB,WR,10,7,7,0.1707317073,2,2,23,0,0,0,7,1,95,0.2405063291,13.57142857,0.4073788206,0.2421052632,0,0
Jordan Addison,MIN,WR,10,7,7,0.2,4,4,69,0,1,1,7,1,74,0.2771535581,10.57142857,0.4740074906,0.9324324324,26,6.5
Alvin Kamara,NO,RB,10,7,7,0.152173913,7,7,33,0,3,0.375,0,0,0,0,0,0.2130434783,Inf,33,4.714285714
Jake Ferguson,DAL,TE,10,7,7,0.1590909091,4,4,26,1,0,0,0,0,34,0.07407407407,4.857142857,0.2745791246,0.7647058824,7,1.75
Tyler Conklin,NYJ,TE,10,7,7,0.1666666667,7,7,70,0,2,0.25,0,0,47,0.1277173913,6.714285714,0.3227355072,1.489361702,23,3.285714286
Evan Engram,JAX,TE,10,7,7,0.1891891892,4,4,12,0,4,0.5,7,1,2,0.008928571429,0.2857142857,0.2711148649,6,11,2.75
Michael Wilson,ARI,WR,10,6,6,0.1714285714,3,3,34,0,0,0,0,0,58,0.1741741742,9.666666667,0.3619219219,0.5862068966,8,2.666666667
Roschon Johnson,CHI,RB,10,6,6,0.1818181818,4,4,14,0,1,0.5,0,0,-3,-0.01351351351,-0.5,0.2450859951,-4.666666667,13,3.25
Zay Flowers,BAL,WR,10,6,6,0.2307692308,5,5,73,0,0,NA,0,0,95,0.3958333333,15.83333333,0.6001602564,0.7684210526,14,2.8
Dalton Kincaid,BUF,TE,10,6,6,0.2222222222,5,5,51,1,2,0.2857142857,6,1,37,0.1637168142,6.166666667,0.425712881,1.378378378,22,4.4
Jalen Guyton,LAC,WR,10,6,6,0.15,4,4,41,1,0,0,0,0,61,0.2234432234,10.16666667,0.3664102564,0.6721311475,12,3
Aaron Jones,GB,RB,10,6,6,0.1463414634,4,4,19,0,0,0,6,1,-11,-0.02784810127,-1.833333333,0.1853843779,-1.727272727,24,6
Dalton Schultz,HOU,TE,10,6,6,0.15,4,4,71,0,1,0.3333333333,0,0,81,0.1738197425,13.5,0.3316738197,0.8765432099,12,3
Ja'Marr Chase,CIN,WR,10,6,6,0.1363636364,5,5,124,1,2,0.4,0,0,98,0.2784090909,16.33333333,0.3857954545,1.265306122,33,6.6
Chris Godwin,TB,WR,10,6,6,0.1875,4,4,54,0,1,0.3333333333,0,0,53,0.1518624642,8.833333333,0.3688037249,1.018867925,0,0
Chigoziem Okonkwo,TEN,TE,10,6,6,0.1395348837,3,3,27,0,1,0.2,6,1,53,0.1183035714,8.833333333,0.2781613372,0.5094339623,21,7
Curtis Samuel,WAS,WR,10,6,6,0.1276595745,2,2,6,0,0,0,0,0,28,0.1278538813,4.666666667,0.2682211212,0.2142857143,8,4
Brian Robinson,WAS,RB,10,6,6,0.1276595745,6,6,119,1,1,0.5,0,0,6,0.02739726027,1,0.1979014864,19.83333333,113,18.83333333
Antonio Gibson,WAS,RB,10,6,6,0.1276595745,5,5,42,1,0,0,0,0,5,0.02283105023,0.8333333333,0.1947051394,8.4,30,6
Kyle Pitts,ATL,TE,10,5,5,0.2,3,3,30,0,1,0.3333333333,0,0,36,0.1945945946,7.2,0.4162162162,0.8333333333,12,4
Drake London,ATL,WR,10,5,5,0.2,3,3,36,0,0,0,0,0,59,0.3189189189,11.8,0.5032432432,0.6101694915,3,1
Stefon Diggs,BUF,WR,10,5,5,0.1851851852,3,3,34,0,1,0.1428571429,5,1,30,0.1327433628,6,0.3521796132,1.133333333,22,7.333333333
Sam LaPorta,DET,TE,10,5,5,0.1515151515,4,4,40,0,0,NA,0,0,47,0.1918367347,9.4,0.3464069264,0.8510638298,7,1.75
Jahmyr Gibbs,DET,RB,10,5,5,0.1515151515,3,3,35,0,0,NA,10,2,6,0.02448979592,1.2,0.2292640693,5.833333333,36,12
Romeo Doubs,GB,WR,10,5,5,0.1219512195,3,3,31,1,1,0.25,0,0,86,0.217721519,17.2,0.3231367706,0.3604651163,2,0.6666666667
Jayden Reed,GB,WR,10,5,5,0.1219512195,5,5,84,1,3,0.75,0,0,60,0.1518987342,12,0.2770608212,1.4,24,4.8
Rhamondre Stevenson,NE,RB,10,5,5,0.15625,3,3,14,0,1,0.1666666667,5,1,-10,-0.08064516129,-2,0.1622983871,-1.4,24,8
Hunter Henry,NE,TE,10,5,5,0.15625,3,3,21,0,1,0.1666666667,0,0,33,0.2661290323,6.6,0.4050403226,0.6363636364,1,0.3333333333
Jalen Tolbert,DAL,WR,10,5,5,0.1136363636,2,2,2,0,0,0,0,0,54,0.1176470588,10.8,0.2414438503,0.03703703704,2,1
Michael Mayer,LV,TE,10,5,5,0.1666666667,3,3,19,1,0,NA,5,1,15,0.07614213198,3,0.2866328257,1.266666667,3,1
Allen Lazard,NYJ,WR,10,5,5,0.119047619,1,1,17,0,0,0,0,0,58,0.1576086957,11.6,0.2769927536,0.2931034483,4,4
Josh Whyle,TEN,TE,10,5,5,0.1162790698,2,2,16,0,0,0,5,1,64,0.1428571429,12.8,0.2627906977,0.25,3,1.5
Kyle Philips,TEN,WR,10,5,5,0.1162790698,3,3,61,0,1,0.2,5,1,36,0.08035714286,7.2,0.2190406977,1.694444444,32,10.66666667
Tyjae Spears,TEN,RB,10,5,5,0.1162790698,4,4,42,0,2,0.4,0,0,-18,-0.04017857143,-3.6,0.1346656977,-2.333333333,53,13.25
Jaxon Smith-Njigba,SEA,WR,10,5,5,0.1041666667,4,4,53,0,0,0,5,1,-5,-0.01798561151,-1,0.1332434053,-10.6,53,13.25
Logan Thomas,WAS,TE,10,5,5,0.1063829787,5,5,40,0,1,0.5,0,0,18,0.08219178082,3.6,0.2064704168,2.222222222,22,4.4
Zach Charbonnet,SEA,RB,10,5,5,0.1041666667,4,4,18,0,0,0,0,0,-1,-0.003597122302,-0.2,0.1433153477,-18,18,4.5
Keenan Allen,LAC,WR,11,16,16,0.4210526316,10,10,116,1,2,0.5,0,0,155,0.4479768786,9.6875,0.9030574992,0.7483870968,37,3.7
David Njoku,CLE,TE,11,15,15,0.3409090909,7,7,56,0,3,0.3333333333,0,0,55,0.3767123288,3.666666667,0.7409713574,1.018181818,34,4.857142857
Davante Adams,LV,WR,11,13,13,0.3023255814,7,7,82,1,2,0.25,0,0,195,0.4875,15,0.764505814,0.4205128205,10,1.428571429
Mike Evans,TB,WR,11,12,12,0.2448979592,5,5,43,1,2,0.5,0,0,174,0.4275184275,14.5,0.6421200421,0.2471264368,10,2
Nico Collins,HOU,WR,11,11,11,0.2619047619,7,7,65,0,0,0,0,0,88,0.2378378378,8,0.5331531532,0.7386363636,15,2.142857143
Amon-Ra St. Brown,DET,WR,11,11,11,0.2894736842,8,8,77,1,1,0.3333333333,0,0,58,0.2367346939,5.272727273,0.5709774436,1.327586207,30,3.75
Adam Thielen,CAR,WR,11,11,11,0.3055555556,8,8,74,0,1,0.3333333333,0,0,68,0.3675675676,6.181818182,0.6850750751,1.088235294,24,3
Tyreek Hill,MIA,WR,11,11,11,0.275,10,10,146,1,2,0.5,0,0,121,0.4101694915,11,0.6721186441,1.20661157,43,4.3
Justin Watson,KC,WR,11,11,11,0.25,5,5,53,1,1,0.2,0,0,142,0.3707571802,12.90909091,0.6095300261,0.3732394366,1,0.2
Nathaniel Dell,HOU,WR,11,10,10,0.2380952381,8,8,149,1,0,0,0,0,159,0.4297297297,15.9,0.6341441441,0.9371069182,17,2.125
D.J. Moore,CHI,WR,11,9,9,0.36,7,7,96,1,1,1,0,0,137,0.548,15.22222222,0.8876,0.700729927,21,3
CeeDee Lamb,DAL,WR,11,9,9,0.2195121951,6,6,38,1,1,0.5,0,0,76,0.2957198444,8.444444444,0.5143209642,0.5,18,3
Brian Robinson,WAS,RB,11,9,9,0.1836734694,7,7,58,0,2,0.6666666667,0,0,-7,-0.02356902357,-0.7777777778,0.2406445406,-8.285714286,67,9.571428571
Travis Kelce,KC,TE,11,9,9,0.2045454545,7,7,44,1,2,0.4,0,0,57,0.1488250653,6.333333333,0.3905411821,0.7719298246,13,1.857142857
DK Metcalf,SEA,WR,11,9,9,0.2142857143,5,5,94,1,0,0,0,0,130,0.4012345679,14.44444444,0.5808641975,0.7230769231,24,4.8
George Kittle,SF,TE,11,9,9,0.3103448276,8,8,89,1,2,0.5,0,0,52,0.2587064677,5.777777778,0.615577286,1.711538462,59,7.375
Calvin Ridley,JAX,WR,11,9,9,0.2727272727,7,7,103,2,1,0.5,0,0,110,0.3618421053,12.22222222,0.6351076555,0.9363636364,15,2.142857143
Robert Woods,HOU,WR,11,8,8,0.1904761905,5,5,44,0,1,0.5,0,0,80,0.2162162162,10,0.418018018,0.55,15,3
Jaylen Waddle,MIA,WR,11,8,8,0.2,4,4,55,0,0,0,0,0,91,0.3084745763,11.375,0.4959322034,0.6043956044,35,8.75
Logan Thomas,WAS,TE,11,8,8,0.1632653061,5,5,58,1,0,0,0,0,64,0.2154882155,8,0.3794131794,0.90625,30,6
Stefon Diggs,BUF,WR,11,8,8,0.2424242424,4,4,27,0,0,0,0,0,36,0.1614349776,4.5,0.4523984237,0.75,21,5.25
Garrett Wilson,NYJ,WR,11,8,8,0.2162162162,2,2,9,0,1,0.5,0,0,103,0.581920904,12.875,0.7100473355,0.08737864078,0,0
DeVonta Smith,PHI,WR,11,8,8,0.2962962963,6,6,99,0,1,0.1666666667,0,0,96,0.5714285714,12,0.8148148148,1.03125,6,1
Amari Cooper,CLE,WR,11,8,8,0.1818181818,4,4,34,0,0,0,0,0,61,0.4178082192,7.625,0.547011208,0.5573770492,11,2.75
Diontae Johnson,PIT,WR,11,8,8,0.2580645161,2,2,9,0,1,0.1666666667,0,0,104,0.6153846154,13,0.7920595533,0.08653846154,5,2.5
Trey McBride,ARI,TE,11,7,7,0.2121212121,5,5,43,0,0,0,0,0,47,0.1582491582,6.714285714,0.4077441077,0.914893617,25,5
Ja'Marr Chase,CIN,WR,11,7,7,0.1944444444,2,2,12,1,1,0.5,7,1,95,0.3830645161,13.57142857,0.5403673835,0.1263157895,15,7.5
Odell Beckham,BAL,WR,11,7,7,0.2413793103,4,4,116,0,0,0,0,0,159,0.5213114754,22.71428571,0.7028490673,0.7295597484,49,12.25
Tre Tucker,LV,WR,11,7,7,0.1627906977,2,2,36,0,2,0.25,0,0,114,0.285,16.28571429,0.4274069767,0.3157894737,2,1
Jerry Jeudy,DEN,WR,11,7,7,0.1891891892,5,5,58,0,0,0,0,0,58,0.2489270386,8.285714286,0.4391137919,1,44,8.8
Samaje Perine,DEN,RB,11,7,7,0.1891891892,7,7,60,0,1,0.3333333333,0,0,6,0.02575107296,0.8571428571,0.2828906159,10,54,7.714285714
T.J. Hockenson,MIN,TE,11,7,7,0.2058823529,4,4,55,0,0,0,0,0,69,0.2948717949,9.857142857,0.4946455505,0.7971014493,14,3.5
Terry McLaurin,WAS,WR,11,7,7,0.1428571429,5,5,43,0,1,0.3333333333,0,0,77,0.2592592593,11,0.3814814815,0.5584415584,12,2.4
Dalton Kincaid,BUF,TE,11,7,7,0.2121212121,6,6,46,0,1,0.5,0,0,45,0.201793722,6.428571429,0.4382253024,1.022222222,22,3.666666667
Elijah Moore,CLE,WR,11,7,7,0.1590909091,6,6,60,0,3,0.3333333333,0,0,49,0.3356164384,7,0.4576587796,1.224489796,20,3.333333333
Darrell Henderson,LA,RB,11,7,7,0.21875,4,4,28,0,1,0.3333333333,0,0,10,0.06329113924,1.428571429,0.3505537975,2.8,45,11.25
Tyler Lockett,SEA,WR,11,7,7,0.1666666667,5,5,51,0,1,0.25,0,0,76,0.2345679012,10.85714286,0.3975308642,0.6710526316,18,3.6
Puka Nacua,LA,WR,11,7,7,0.21875,5,5,70,1,1,0.3333333333,0,0,68,0.4303797468,9.714285714,0.6075158228,1.029411765,13,2.6
Rachaad White,TB,RB,11,7,7,0.1428571429,6,6,28,0,0,0,0,0,-8,-0.01965601966,-1.142857143,0.1862407862,-3.5,45,7.5
Chris Godwin,TB,WR,11,7,7,0.1428571429,6,6,39,0,0,0,0,0,46,0.113022113,6.571428571,0.2791154791,0.847826087,2,0.3333333333
Sam LaPorta,DET,TE,11,6,6,0.1578947368,3,3,20,0,0,0,0,0,38,0.1551020408,6.333333333,0.3296240602,0.5263157895,2,0.6666666667
Jahmyr Gibbs,DET,RB,11,6,6,0.1578947368,6,6,59,0,0,0,0,0,11,0.04489795918,1.833333333,0.252481203,5.363636364,48,8
Tyler Boyd,CIN,WR,11,6,6,0.1666666667,3,3,22,0,0,0,0,0,35,0.1411290323,5.833333333,0.3321236559,0.6285714286,14,4.666666667
Jonathan Mingo,CAR,WR,11,6,6,0.1666666667,1,1,6,1,1,0.3333333333,0,0,74,0.4,12.33333333,0.5133333333,0.08108108108,6,6
Romeo Doubs,GB,WR,11,6,6,0.1395348837,5,5,53,1,2,0.2,0,0,89,0.3384030418,14.83333333,0.4322309665,0.595505618,13,2.6
Luke Musgrave,GB,TE,11,6,6,0.1395348837,4,4,28,0,1,0.1,0,0,32,0.1216730038,5.333333333,0.2805199399,0.875,15,3.75
Donald Parham,LAC,TE,11,6,6,0.1578947368,4,4,57,0,1,0.25,0,0,66,0.1907514451,11,0.3545786431,0.8636363636,8,2
Jayden Reed,GB,WR,11,6,6,0.1395348837,4,4,46,0,1,0.1,0,0,30,0.1140684411,5,0.275196746,1.533333333,25,6.25
Quentin Johnston,LAC,WR,11,6,6,0.1578947368,2,2,21,0,0,0,0,0,90,0.2601156069,15,0.4031335564,0.2333333333,17,8.5
Jordan Addison,MIN,WR,11,6,6,0.1764705882,3,3,44,0,0,0,0,0,86,0.3675213675,14.33333333,0.5043237808,0.511627907,0,0
Breece Hall,NYJ,RB,11,6,6,0.1621621622,5,5,50,1,0,0,0,0,4,0.02259887006,0.6666666667,0.2428462361,12.5,50,10
George Pickens,PIT,WR,11,6,6,0.1935483871,4,4,45,0,0,0,0,0,74,0.4378698225,12.33333333,0.5774766177,0.6081081081,-1,-0.25
Jaxon Smith-Njigba,SEA,WR,11,6,6,0.1428571429,3,3,40,0,0,0,0,0,119,0.3672839506,19.83333333,0.4570987654,0.3361344538,2,0.6666666667
Zach Charbonnet,SEA,RB,11,6,6,0.1428571429,6,6,22,0,0,0,0,0,-17,-0.0524691358,-2.833333333,0.1632716049,-1.294117647,39,6.5
Brandon Aiyuk,SF,WR,11,6,6,0.2068965517,5,5,156,1,0,0,0,0,91,0.4527363184,15.16666667,0.6065705953,1.714285714,78,15.6
Trey Palmer,TB,WR,11,6,6,0.1224489796,4,4,22,0,2,0.5,0,0,47,0.1154791155,7.833333333,0.2522639523,0.4680851064,3,0.75
Christian Kirk,JAX,WR,11,6,6,0.1818181818,3,3,48,0,0,0,0,0,81,0.2664473684,13.5,0.4410586124,0.5925925926,5,1.666666667
Evan Engram,JAX,TE,11,6,6,0.1818181818,4,4,29,0,0,0,0,0,75,0.2467105263,12.5,0.427242823,0.3866666667,5,1.25
Marquise Brown,ARI,WR,11,5,5,0.1515151515,2,2,18,0,1,0.5,0,0,91,0.3063973064,18.2,0.4265993266,0.1978021978,2,1
Joe Mixon,CIN,RB,11,5,5,0.1388888889,5,5,31,1,0,0,0,0,-2,-0.008064516129,-0.4,0.1887992832,-15.5,33,6.6
Michael Gallup,DAL,WR,11,5,5,0.1219512195,3,3,31,0,0,0,0,0,37,0.1439688716,7.4,0.2715099174,0.8378378378,8,2.666666667
Tony Pollard,DAL,RB,11,5,5,0.1219512195,4,4,19,0,1,0.5,0,0,-4,-0.01556420233,-0.8,0.1598367657,-4.75,23,5.75
Jalen Tolbert,DAL,WR,11,5,5,0.1219512195,2,2,12,0,0,0,0,0,39,0.1517509728,7.8,0.2769573883,0.3076923077,1,0.5
Jake Ferguson,DAL,TE,11,5,5,0.1219512195,3,3,32,0,0,0,0,0,12,0.046692607,2.4,0.2034165322,2.666666667,11,3.666666667
Dontayvion Wicks,GB,WR,11,5,5,0.1162790698,3,3,91,0,2,0.2,0,0,64,0.2433460076,12.8,0.333132903,1.421875,49,16.33333333
Michael Mayer,LV,TE,11,5,5,0.1162790698,4,4,46,0,0,0,0,0,17,0.0425,3.4,0.1925406977,2.705882353,33,8.25
Hunter Renfrow,LV,WR,11,5,5,0.1162790698,5,5,42,0,1,0.125,0,0,15,0.0375,3,0.1890406977,2.8,27,5.4
Jakobi Meyers,LV,WR,11,5,5,0.1162790698,4,4,49,0,2,0.25,0,0,64,0.16,12.8,0.2747906977,0.765625,16,4
Jaleel McLaughlin,DEN,RB,11,5,5,0.1351351351,5,5,14,0,1,0.3333333333,0,0,-26,-0.1115879828,-5.2,0.1110776012,-0.5384615385,40,8
Courtland Sutton,DEN,WR,11,5,5,0.1351351351,4,4,66,1,0,0,0,0,73,0.313304721,14.6,0.4085024939,0.904109589,2,0.5
Saquon Barkley,NYG,RB,11,5,5,0.1428571429,4,4,57,2,0,0,0,0,50,0.2049180328,10,0.343442623,1.14,5,1.25
Darius Slayton,NYG,WR,11,5,5,0.1428571429,4,4,82,1,0,0,0,0,60,0.2459016393,12,0.3721311475,1.366666667,39,9.75
Rashee Rice,KC,WR,11,5,5,0.1136363636,4,4,42,0,1,0.2,0,0,19,0.04960835509,3.8,0.1938167577,2.210526316,28,7
Jerome Ford,CLE,RB,11,5,5,0.1136363636,2,2,8,0,0,0,0,0,-11,-0.07534246575,-2.2,0.1063511831,-0.7272727273,13,6.5
Christian McCaffrey,SF,RB,11,5,5,0.1724137931,5,5,25,1,0,0,0,0,8,0.03980099502,1.6,0.2692400069,3.125,17,3.4
Cade Otton,TB,TE,11,5,5,0.1020408163,4,4,49,0,0,0,0,0,35,0.085995086,7,0.2030537031,1.4,23,5.75
DeAndre Hopkins,TEN,WR,11,5,5,0.2631578947,4,4,59,1,1,0.5,0,0,63,0.4736842105,12.6,0.7,0.9365079365,10,2.5
Keenan Allen,LAC,WR,12,16,16,0.3404255319,14,14,120,0,2,0.4,0,0,105,0.3523489933,6.5625,0.72324004,1.142857143,34,2.428571429
D.J. Moore,CHI,WR,12,13,13,0.325,11,11,114,0,1,1,0,0,53,0.53,4.076923077,0.826,2.150943396,76,6.909090909
Marquise Brown,ARI,WR,12,13,13,0.26,6,6,88,0,2,0.25,0,0,189,0.4896373057,14.53846154,0.706746114,0.4656084656,29,4.833333333
Josh Downs,IND,WR,12,13,13,0.3023255814,5,5,43,0,2,0.5,0,0,51,0.2064777328,3.923076923,0.5677902269,0.8431372549,33,6.6
Michael Pittman,IND,WR,12,13,13,0.3023255814,10,10,107,0,1,0.25,0,0,96,0.3886639676,7.384615385,0.6953205913,1.114583333,47,4.7
Gabe Davis,BUF,WR,12,12,12,0.2307692308,6,6,105,1,0,0,0,0,185,0.4501216545,15.41666667,0.6381620812,0.5675675676,16,2.666666667
Tyreek Hill,MIA,WR,12,12,12,0.375,9,9,102,1,2,0.6666666667,0,0,44,0.2993197279,3.666666667,0.7345238095,2.318181818,73,8.111111111
Curtis Samuel,WAS,WR,12,12,12,0.25,9,9,100,0,1,0.3333333333,0,0,90,0.2556818182,7.5,0.5289772727,1.111111111,61,6.777777778
Stefon Diggs,BUF,WR,12,11,11,0.2115384615,6,6,74,1,0,0,0,0,94,0.2287104623,8.545454545,0.4562511698,0.7872340426,25,4.166666667
Amon-Ra St. Brown,DET,WR,12,11,11,0.2291666667,9,9,95,0,4,0.5714285714,0,0,97,0.3050314465,8.818181818,0.5343553459,0.9793814433,42,4.666666667
Pat Freiermuth,PIT,TE,12,11,11,0.3142857143,9,9,120,0,0,0,0,0,105,0.376344086,9.545454545,0.7034408602,1.142857143,46,5.111111111
Terry McLaurin,WAS,WR,12,11,11,0.2291666667,4,4,50,0,0,0,0,0,149,0.4232954545,13.54545455,0.6171401515,0.3355704698,10,2.5
Jordan Addison,MIN,WR,12,10,10,0.2941176471,6,6,39,0,0,NA,0,0,163,0.6245210728,16.3,0.8489294568,0.2392638037,0,0
Rashee Rice,KC,WR,12,10,10,0.2857142857,8,8,107,1,1,0.25,0,0,43,0.2574850299,4.3,0.580239521,2.488372093,69,8.625
Garrett Wilson,NYJ,WR,12,10,10,0.2222222222,7,7,44,1,1,0.1666666667,0,0,81,0.4821428571,8.1,0.6486111111,0.5432098765,4,0.5714285714
CeeDee Lamb,DAL,WR,12,10,10,0.303030303,4,4,55,1,0,0,0,0,163,0.3468085106,16.3,0.6670083817,0.3374233129,16,4
A.J. Brown,PHI,WR,12,9,9,0.2727272727,5,5,37,1,1,0.25,0,0,47,0.2034632035,5.222222222,0.5242424242,0.7872340426,14,2.8
David Njoku,CLE,TE,12,9,9,0.1914893617,6,6,59,0,0,0,0,0,67,0.2196721311,7.444444444,0.4218555982,0.8805970149,18,3
Elijah Moore,CLE,WR,12,9,9,0.1914893617,3,3,44,0,1,0.25,0,0,128,0.4196721311,14.22222222,0.5618555982,0.34375,6,2
Sam LaPorta,DET,TE,12,9,9,0.1875,5,5,49,1,1,0.1428571429,0,0,64,0.2012578616,7.111111111,0.4033805031,0.765625,18,3.6
Nico Collins,HOU,WR,12,9,9,0.225,7,7,104,1,1,0.5,0,0,97,0.2811594203,10.77777778,0.5118115942,1.072164948,50,7.142857143
Trey McBride,ARI,TE,12,9,9,0.18,7,7,60,0,2,0.25,0,0,37,0.09585492228,4.111111111,0.3190984456,1.621621622,34,4.857142857
Breece Hall,NYJ,RB,12,9,9,0.2,7,7,24,0,1,0.1666666667,0,0,-9,-0.05357142857,-1,0.2425,-2.666666667,30,4.285714286
Demario Douglas,NE,WR,12,9,9,0.2432432432,6,6,49,0,0,0,0,0,33,0.264,3.666666667,0.5253405405,1.484848485,57,9.5
Chris Olave,NO,WR,12,9,9,0.2307692308,7,7,114,0,1,1,0,0,121,0.367781155,13.44444444,0.5805237316,0.9421487603,41,5.857142857
Deebo Samuel,SF,WR,12,9,9,0.28125,7,7,79,0,3,0.75,0,0,73,0.2616487455,8.111111111,0.5769041219,1.082191781,43,6.142857143
DK Metcalf,SEA,WR,12,9,9,0.2727272727,3,3,32,0,3,0.375,0,0,161,0.5551724138,17.88888889,0.7704388715,0.198757764,14,4.666666667
Mike Evans,TB,WR,12,9,9,0.2432432432,6,6,70,2,0,0,0,0,121,0.5873786408,13.44444444,0.7517055891,0.5785123967,5,0.8333333333
Zay Flowers,BAL,WR,12,8,8,0.2352941176,5,5,25,1,0,0,0,0,38,0.2235294118,4.75,0.4858823529,0.6578947368,27,5.4
DeVonta Smith,PHI,WR,12,8,8,0.2424242424,7,7,106,1,0,0,0,0,118,0.5108225108,14.75,0.696969697,0.8983050847,36,5.142857143
Jayden Reed,GB,WR,12,8,8,0.2424242424,4,4,34,1,0,0,0,0,64,0.2119205298,8,0.4877383103,0.53125,14,3.5
Jahmyr Gibbs,DET,RB,12,8,8,0.1666666667,4,4,19,0,0,0,0,0,15,0.04716981132,1.875,0.2663522013,1.266666667,12,3
Tank Dell,HOU,WR,12,8,8,0.2,5,5,50,1,1,0.5,0,0,125,0.3623188406,15.625,0.5336231884,0.4,6,1.2
Evan Engram,JAX,TE,12,8,8,0.2051282051,5,5,49,0,1,0.1428571429,0,0,51,0.1583850932,6.375,0.3980490524,0.9607843137,16,3.2
Puka Nacua,LA,WR,12,8,8,0.2424242424,4,4,27,0,0,NA,0,0,74,0.3854166667,9.25,0.6091856061,0.3648648649,17,4.25
Jaylen Waddle,MIA,WR,12,8,8,0.25,8,8,114,0,1,0.3333333333,0,0,79,0.537414966,9.875,0.7261904762,1.443037975,35,4.375
Diontae Johnson,PIT,WR,12,8,8,0.2285714286,4,4,50,0,1,1,0,0,83,0.2974910394,10.375,0.5282437276,0.6024096386,9,2.25
James Cook,BUF,RB,12,7,7,0.1346153846,6,6,57,0,0,0,0,0,5,0.01216545012,0.7142857143,0.1969773535,11.4,69,11.5
Cole Kmet,CHI,TE,12,7,7,0.175,7,7,43,0,0,0,0,0,12,0.12,1.714285714,0.329,3.583333333,31,4.428571429
Jerome Ford,CLE,RB,12,7,7,0.1489361702,4,4,14,0,0,0,0,0,1,0.003278688525,0.1428571429,0.2108057203,14,21,5.25
Amari Cooper,CLE,WR,12,7,7,0.1489361702,2,2,16,0,0,0,0,0,45,0.1475409836,6.428571429,0.3117893268,0.3555555556,0,0
Christian Watson,GB,WR,12,7,7,0.2121212121,5,5,94,1,0,0,0,0,140,0.4635761589,20,0.6214730082,0.6714285714,8,1.6
Christian Kirk,JAX,WR,12,7,7,0.1794871795,4,4,89,0,0,0,0,0,88,0.2732919255,12.57142857,0.4425863991,1.011363636,39,9.75
Devin Singletary,HOU,RB,12,7,7,0.175,6,6,54,0,0,0,0,0,-1,-0.002898550725,-0.1428571429,0.2429710145,-54,64,10.66666667
Calvin Ridley,JAX,WR,12,7,7,0.1794871795,5,5,91,1,1,0.1428571429,0,0,89,0.2763975155,12.71428571,0.4447603122,1.02247191,30,6
Davante Adams,LV,WR,12,7,7,0.2,5,5,73,0,0,0,0,0,77,0.4842767296,11,0.6189937107,0.9480519481,30,6
Jakobi Meyers,LV,WR,12,7,7,0.2,6,6,79,1,0,0,0,0,62,0.3899371069,8.857142857,0.5529559748,1.274193548,28,4.666666667
Travis Kelce,KC,TE,12,7,7,0.2,6,6,91,0,1,0.25,0,0,80,0.4790419162,11.42857143,0.6153293413,1.1375,27,4.5
Drake London,ATL,WR,12,7,7,0.3333333333,5,5,91,0,0,NA,0,0,72,0.4285714286,10.28571429,0.7666666667,1.263888889,32,6.4
Juwan Johnson,NO,TE,12,7,7,0.1794871795,4,4,45,0,0,0,0,0,59,0.179331307,8.428571429,0.3768139662,0.7627118644,12,3
Chris Godwin,TB,WR,12,7,7,0.1891891892,3,3,45,0,0,0,0,0,41,0.1990291262,5.857142857,0.4041852532,1.097560976,25,8.333333333
Austin Ekeler,LAC,RB,12,6,6,0.1276595745,5,5,18,0,0,0,0,0,-8,-0.02684563758,-1.333333333,0.1599314579,-2.25,28,5.6
Isaiah Likely,BAL,TE,12,6,6,0.1764705882,4,4,40,0,1,1,0,0,2,0.01176470588,0.3333333333,0.2552941176,20,43,10.75
Dalton Kincaid,BUF,TE,12,6,6,0.1153846154,5,5,38,0,0,0,0,0,47,0.1143552311,7.833333333,0.2415871233,0.8085106383,12,2.4
Jonathan Mingo,CAR,WR,12,6,6,0.1714285714,4,4,60,0,6,0.4285714286,0,0,64,0.3216080402,10.66666667,0.4651256281,0.9375,13,3.25
T.J. Hockenson,MIN,TE,12,6,6,0.1764705882,5,5,50,1,0,NA,0,0,52,0.1992337165,8.666666667,0.3865224251,0.9615384615,6,1.2
Javonte Williams,DEN,RB,12,6,6,0.2608695652,3,3,6,0,0,NA,0,0,-18,-0.1475409836,-3,0.2619387028,-0.3333333333,14,4.666666667
Courtland Sutton,DEN,WR,12,6,6,0.2608695652,3,3,61,0,0,NA,0,0,83,0.6803278689,13.83333333,0.8414468995,0.734939759,15,5
Travis Etienne,JAX,RB,12,6,6,0.1538461538,4,4,30,0,3,0.4285714286,0,0,-8,-0.0248447205,-1.333333333,0.197993311,-3.75,37,9.25
Josh Jacobs,LV,RB,12,6,6,0.1714285714,4,4,15,0,1,0.3333333333,0,0,-16,-0.1006289308,-2.666666667,0.1695597484,-0.9375,31,7.75
Kyren Williams,LA,RB,12,6,6,0.1818181818,6,6,61,2,0,NA,0,0,-7,-0.03645833333,-1.166666667,0.2290246212,-8.714285714,68,11.33333333
Jalin Hyatt,NYG,WR,12,6,6,0.1935483871,5,5,109,0,1,0.2,0,0,125,0.6313131313,20.83333333,0.7128869339,0.872,15,3
Bijan Robinson,ATL,RB,12,6,6,0.2857142857,3,3,32,1,0,NA,0,0,23,0.1369047619,3.833333333,0.4958333333,1.391304348,19,6.333333333
Ja'Marr Chase,CIN,WR,12,6,6,0.2,4,4,81,0,0,0,0,0,60,0.4545454545,10,0.5981818182,1.35,30,7.5
Christian McCaffrey,SF,RB,12,6,6,0.1875,5,5,25,1,1,0.25,0,0,24,0.08602150538,4,0.3227150538,1.041666667,9,1.8
Alec Pierce,IND,WR,12,6,6,0.1395348837,4,4,27,0,0,0,0,0,58,0.2348178138,9.666666667,0.3597213068,0.4655172414,3,0.75
Jahan Dotson,WAS,WR,12,6,6,0.125,5,5,52,1,0,0,0,0,50,0.1420454545,8.333333333,0.2744318182,1.04,8,1.6
Tony Pollard,DAL,RB,12,6,6,0.1818181818,6,6,24,0,0,0,0,0,1,0.002127659574,0.1666666667,0.2560348162,24,23,3.833333333
Odell Beckham,BAL,WR,12,5,5,0.1470588235,3,3,34,0,0,0,0,0,56,0.3294117647,11.2,0.4364705882,0.6071428571,11,3.666666667
Jalen Guyton,LAC,WR,12,5,5,0.1063829787,1,1,4,0,1,0.2,0,0,73,0.244966443,14.6,0.3204126803,0.05479452055,3,3
Rashod Bateman,BAL,WR,12,5,5,0.1470588235,2,2,21,0,0,0,0,0,47,0.2764705882,9.4,0.3994117647,0.4468085106,6,3
Khalil Shakir,BUF,WR,12,5,5,0.09615384615,3,3,47,0,1,0.5,0,0,37,0.0900243309,7.4,0.1976324162,1.27027027,10,3.333333333
Latavius Murray,BUF,RB,12,5,5,0.09615384615,3,3,18,0,1,0.5,0,0,10,0.02433090024,2,0.1516470148,1.8,9,3
DeAndre Hopkins,TEN,WR,12,5,5,0.1724137931,3,3,49,0,3,0.6,0,0,68,0.2931034483,13.6,0.4465517241,0.7205882353,11,3.666666667
Nick Westbrook-Ikhine,TEN,WR,12,5,5,0.1724137931,4,4,41,0,2,0.4,0,0,48,0.2068965517,9.6,0.3862068966,0.8541666667,0,0
Chigoziem Okonkwo,TEN,TE,12,5,5,0.1724137931,4,4,45,0,0,0,0,0,33,0.1422413793,6.6,0.3409482759,1.363636364,18,4.5
Chuba Hubbard,CAR,RB,12,5,5,0.1428571429,5,5,47,0,3,0.2142857143,0,0,4,0.02010050251,0.8,0.2140703518,11.75,43,8.6
Roschon Johnson,CHI,RB,12,5,5,0.125,5,5,40,0,0,0,0,0,-7,-0.07,-1.4,0.126,-5.714285714,47,9.4
Cedric Tillman,CLE,WR,12,5,5,0.1063829787,4,4,55,0,1,0.25,0,0,41,0.1344262295,8.2,0.2430345309,1.341463415,16,4
Kalif Raymond,DET,WR,12,5,5,0.1041666667,5,5,90,0,0,0,0,0,52,0.1635220126,10.4,0.2602987421,1.730769231,38,7.6
Luke Farrell,JAX,TE,12,5,5,0.1282051282,3,3,55,0,1,0.1428571429,0,0,24,0.07453416149,4.8,0.2316610925,2.291666667,43,14.33333333
Isiah Pacheco,KC,RB,12,5,5,0.1428571429,5,5,34,0,1,0.25,0,0,-23,-0.1377245509,-4.6,0.1035928144,-1.47826087,57,11.4
Cooper Kupp,LA,WR,12,5,5,0.1515151515,3,3,18,0,0,NA,0,0,30,0.15625,6,0.3214962121,0.6,12,4
Tyler Higbee,LA,TE,12,5,5,0.1515151515,5,5,29,2,0,NA,0,0,16,0.08333333333,3.2,0.2704545455,1.8125,13,2.6
James Conner,ARI,RB,12,5,5,0.1,4,4,5,0,1,0.125,0,0,8,0.0207253886,1.6,0.154507772,0.625,15,3.75
Tyler Conklin,NYJ,TE,12,5,5,0.1111111111,4,4,33,0,1,0.1666666667,0,0,13,0.07738095238,2.6,0.2097222222,2.538461538,24,6
Wan'Dale Robinson,NYG,WR,12,5,5,0.1612903226,4,4,26,0,1,0.2,0,0,13,0.06565656566,2.6,0.2717660476,2,16,4
DeVante Parker,NE,WR,12,5,5,0.1351351351,3,3,42,0,1,0.1666666667,0,0,21,0.168,4.2,0.3067891892,2,36,12
Rhamondre Stevenson,NE,RB,12,5,5,0.1351351351,5,5,9,0,1,0.1666666667,0,0,-9,-0.072,-1.8,0.1387891892,-1,18,3.6
Tyquan Thornton,NE,WR,12,5,5,0.1351351351,2,2,19,0,0,0,0,0,11,0.088,2.2,0.2507891892,1.727272727,19,9.5
Rashid Shaheed,NO,WR,12,5,5,0.1282051282,2,2,9,1,0,0,0,0,20,0.06079027356,4,0.222040371,0.45,4,2
Alvin Kamara,NO,RB,12,5,5,0.1282051282,4,4,50,0,0,0,0,0,14,0.04255319149,2.8,0.2092744135,3.571428571,52,13
George Pickens,PIT,WR,12,5,5,0.1428571429,3,3,58,0,0,0,0,0,81,0.2903225806,16.2,0.4032258065,0.7160493827,15,5
Tyler Boyd,CIN,WR,12,5,5,0.1666666667,3,3,23,0,0,0,0,0,24,0.1818181818,4.8,0.3606060606,0.9583333333,3,1
George Kittle,SF,TE,12,5,5,0.15625,3,3,19,0,0,0,0,0,55,0.1971326165,11,0.3567428315,0.3454545455,11,3.666666667
Tyler Lockett,SEA,WR,12,5,5,0.1515151515,3,3,30,0,1,0.125,0,0,58,0.2,11.6,0.3521212121,0.5172413793,2,0.6666666667
Trey Palmer,TB,WR,12,5,5,0.1351351351,4,4,17,0,0,0,0,0,28,0.1359223301,5.6,0.2843348203,0.6071428571,4,1
Brandin Cooks,DAL,WR,12,5,5,0.1515151515,4,4,72,1,1,0.25,0,0,77,0.1638297872,15.4,0.3268020632,0.9350649351,5,1.25