full_name,posteam,week,position,dropbacks,tot_epa_pp,pass_epa_pp,pa_epa_pp,blitz_epa_pp,success_rate,completions_pg,attempts_pg,pass_tds,td_rate,ints,int_rate,completion_pct,cpoe,pass_ypg,pass_ypa,adj_pass_ypa,ay_pg,ay_comp_pct,pass_adot,on_tgt_pct,drop_pass_pct,sack_rate,rb_target_rate,wr_target_rate,te_target_rate,scrambles_pg,yards_per_scramble,avg_pocket_time
Lamar Jackson,BAL,7,QB,27,0.9355555556,0.03481481481,0.031,0.9059434413,0.5925925926,21,27,3,0.1111111111,0,0,0.7777777778,-0.07407407407,357,13.22222222,15.44444444,221,0.7330316742,8.185185185,0.7777777778,0.03703703704,0,0.1111111111,0.5925925926,0.2222222222,0,0,0
Patrick Mahomes,KC,7,QB,43,0.3965116279,0.009302325581,0.03285714286,0.04570586795,0.6046511628,32,43,4,0.09302325581,1,0.02325581395,0.7441860465,-0.02325581395,424,9.860465116,10.6744186,343,0.5422740525,7.976744186,0.8372093023,0.04651162791,0.02325581395,0.1627906977,0.4186046512,0.3488372093,0,0,0
Mac Jones,NE,7,QB,31,0.3025806452,0.009677419355,0.032,0.822475193,0.5483870968,25,31,2,0.06451612903,0,0,0.8064516129,-0.06451612903,272,8.774193548,10.06451613,100,1.02,3.225806452,0.8064516129,0,0.03225806452,0.2258064516,0.5161290323,0.2258064516,0,0,0
Kirk Cousins,MIN,7,QB,44,0.2922727273,0.006590909091,0.0025,0.2320728825,0.4545454545,35,44,2,0.04545454545,1,0.02272727273,0.7954545455,-0.04545454545,378,8.590909091,8.477272727,249,0.8152610442,5.659090909,0.8181818182,0,0,0.1590909091,0.5,0.3181818182,0,0,0
Geno Smith,SEA,7,QB,26,0.28,0.01076923077,0.008333333333,-0.8700539993,0.6153846154,18,26,2,0.07692307692,1,0.03846153846,0.6923076923,0.03846153846,219,8.423076923,8.230769231,229,0.768558952,8.807692308,0.8461538462,0.1153846154,0.07692307692,0.1538461538,0.6538461538,0.1153846154,0,0,0
Brock Purdy,SF,7,QB,30,0.272,0.008666666667,0.036,0.7486892767,0.6666666667,21,30,1,0.03333333333,2,0.06666666667,0.7,-0.2333333333,272,9.066666667,6.733333333,240,0.6041666667,8,0.7333333333,0,0.03333333333,0.1,0.6,0.2666666667,0,0,0
Desmond Ridder,ATL,7,QB,26,0.2715384615,0.01038461538,0.0575,1.920524397,0.5384615385,19,26,0,0,0,0,0.7307692308,-0.03846153846,250,9.615384615,9.615384615,203,0.763546798,7.807692308,0.7307692308,0,0.03846153846,0.1153846154,0.4230769231,0.3076923077,0,0,0
Jordan Love,GB,7,QB,31,0.2441935484,0.007741935484,0.02625,0.6059523062,0.4193548387,21,31,2,0.06451612903,1,0.03225806452,0.6774193548,-0.06451612903,180,5.806451613,5.64516129,212,0.320754717,6.838709677,0.7419354839,0,0,0.2580645161,0.5483870968,0.1935483871,0,0,0
Josh Allen,BUF,7,QB,42,0.2292857143,0.00511627907,-0.02,-0.2897470942,0.5952380952,27,43,2,0.04651162791,1,0.02325581395,0.6279069767,-0.02325581395,265,6.162790698,6.046511628,449,0.3162583519,10.44186047,0.7441860465,0.04651162791,0.02380952381,0.1162790698,0.5348837209,0.2790697674,0,0,0
Aidan O'Connell,LV,7,QB,14,0.2178571429,0.01571428571,0,1.677647741,0.4285714286,10,14,1,0.07142857143,1,0.07142857143,0.7142857143,-0.1428571429,75,5.357142857,3.571428571,99,0.4444444444,7.071428571,0.7142857143,0,0,0.2142857143,0.5714285714,0.2142857143,0,0,0
Tyson Bagent,CHI,7,QB,30,0.1836666667,0.006,0.006666666667,0.08252290054,0.5,21,30,1,0.03333333333,0,0,0.7,-0.2,162,5.4,6.066666667,53,0.9622641509,1.766666667,0.7666666667,0.06666666667,0.03333333333,0.3,0.6,0.03333333333,0,0,0
Tyrod Taylor,NYG,7,QB,33,0.1493939394,0.004545454545,0,0.1702972134,0.4242424242,18,33,2,0.06060606061,0,0,0.5454545455,-0.06060606061,279,8.454545455,9.666666667,318,0.5188679245,9.636363636,0.5757575758,0,0.1212121212,0.1515151515,0.4242424242,0.2424242424,0,0,0
Russell Wilson,DEN,7,QB,30,0.1366666667,0.004666666667,0,0.2793107193,0.4333333333,20,30,1,0.03333333333,0,0,0.6666666667,0,194,6.466666667,7.133333333,227,0.4669603524,7.566666667,0.7333333333,0,0.03333333333,0.3,0.4,0.1,0,0,0
Jalen Hurts,PHI,7,QB,34,0.06382352941,0.001764705882,-0.0125,-0.1098313144,0.4411764706,23,34,3,0.08823529412,1,0.02941176471,0.6764705882,-0.08823529412,279,8.205882353,8.647058824,228,0.6842105263,6.705882353,0.7058823529,0.02941176471,0.08823529412,0.08823529412,0.6470588235,0.1470588235,0,0,0
Gardner Minshew,IND,7,QB,27,0.02703703704,0.001111111111,-0.024,-0.03113576287,0.4444444444,15,27,3,0.1111111111,1,0.03703703704,0.5555555556,-0.1851851852,305,11.2962963,11.85185185,209,0.6411483254,7.740740741,0.6296296296,0.07407407407,0.1481481481,0.2222222222,0.5185185185,0.07407407407,0,0,0
Kenny Pickett,PIT,7,QB,27,0.0237037037,0.0007407407407,0.005,0.2431739922,0.4814814815,17,27,0,0,0,0,0.6296296296,-0.03703703704,230,8.518518519,8.518518519,213,0.558685446,7.888888889,0.7407407407,0.07407407407,0.07407407407,0.1851851852,0.5555555556,0.1111111111,0,0,0
Justin Herbert,LAC,7,QB,35,0.01542857143,0.0005714285714,0.035,0.05178089066,0.3714285714,17,35,1,0.02857142857,2,0.05714285714,0.4857142857,-0.1142857143,259,7.4,5.4,324,0.5061728395,9.257142857,0.5714285714,0.05714285714,0.1428571429,0.05714285714,0.5714285714,0.2285714286,0,0,0
Trevor Lawrence,JAX,7,QB,29,-0.04655172414,-0.001724137931,-0.02666666667,-2.195196224,0.4482758621,20,29,1,0.03448275862,0,0,0.6896551724,-0.2413793103,204,7.034482759,7.724137931,187,0.320855615,6.448275862,0.6896551724,0,0,0.1724137931,0.5862068966,0.2413793103,0,0,0
Matthew Stafford,LA,7,QB,32,-0.079375,-0.0025,-0.003333333333,0.277867608,0.34375,14,32,1,0.03125,1,0.03125,0.4375,-0.28125,231,7.21875,6.4375,263,0.4524714829,8.21875,0.625,0.09375,0.0625,0.0625,0.6875,0.125,0,0,0
Phillip Walker,CLE,7,QB,33,-0.1009090909,-0.00303030303,0.0025,-0.2102805272,0.3939393939,15,33,0,0,1,0.0303030303,0.4545454545,-0.303030303,178,5.393939394,4.03030303,251,0.3346613546,7.606060606,0.5454545455,0.06060606061,0.06060606061,0.09090909091,0.5151515152,0.303030303,0,0,0
Baker Mayfield,TB,7,QB,45,-0.1031111111,-0.002222222222,0.001428571429,-0.1522325748,0.4,27,45,1,0.02222222222,1,0.02222222222,0.6,-0.1555555556,275,6.111111111,5.555555556,318,0.3805031447,7.066666667,0.6222222222,0.02222222222,0.06666666667,0.1555555556,0.6,0.1555555556,0,0,0
Tua Tagovailoa,MIA,7,QB,35,-0.1097142857,-0.003142857143,0.02666666667,0.9294678963,0.4857142857,23,35,1,0.02857142857,1,0.02857142857,0.6571428571,-0.08571428571,216,6.171428571,5.457142857,259,0.6332046332,7.4,0.6857142857,0.02857142857,0.08571428571,0.1714285714,0.7428571429,0,0,0,0
Jared Goff,DET,7,QB,59,-0.2259322034,-0.003898305085,0.005,-0.01996324301,0.406779661,33,59,0,0,1,0.01694915254,0.5593220339,-0.1355932203,284,4.813559322,4.050847458,341,0.4193548387,5.779661017,0.6271186441,0.06779661017,0.08474576271,0.2033898305,0.5254237288,0.1186440678,0,0,0
Derek Carr,NO,7,QB,57,-0.2771929825,-0.004912280702,-0.003333333333,-0.07243515808,0.3859649123,33,57,2,0.0350877193,1,0.01754385965,0.5789473684,-0.1929824561,301,5.280701754,5.192982456,322,0.3881987578,5.649122807,0.6315789474,0.0350877193,0.01754385965,0.2631578947,0.5263157895,0.0701754386,0,0,0
Sam Howell,WAS,7,QB,48,-0.30625,-0.006458333333,-0.01181818182,-0.3533955434,0.3541666667,22,48,0,0,1,0.02083333333,0.4583333333,-0.125,249,5.1875,4.25,377,0.3713527851,7.854166667,0.4791666667,0.02083333333,0.125,0.0625,0.5416666667,0.1458333333,0,0,0
Joshua Dobbs,ARI,7,QB,37,-0.3340540541,-0.008918918919,-0.011,0.2706527548,0.3243243243,19,37,0,0,0,0,0.5135135135,-0.2432432432,146,3.945945946,3.945945946,232,0.3706896552,6.27027027,0.6216216216,0.08108108108,0.1081081081,0.1351351351,0.4054054054,0.3243243243,0,0,0
Brian Hoyer,LV,7,QB,33,-0.41,-0.01242424242,-0.01571428571,-0.52568145,0.4242424242,17,33,1,0.0303030303,2,0.06060606061,0.5151515152,-0.3636363636,129,3.909090909,1.787878788,224,0.3258928571,6.787878788,0.6060606061,0.06060606061,0.0303030303,0.1212121212,0.696969697,0.1515151515,0,0,0
Kirk Cousins,MIN,8,QB,33,0.5909090909,0.01787878788,0.002,0.9025453168,0.5757575758,23,33,2,0.06060606061,0,0,0.696969697,-0.1212121212,274,8.303030303,9.515151515,198,0.8434343434,6,0.8181818182,0.1212121212,0.06060606061,0.06060606061,0.5757575758,0.2424242424,0,0,0
Jalen Hurts,PHI,8,QB,40,0.59025,0.01475,-0.014,0.2535073621,0.5,29,40,4,0.1,0,0,0.725,0.05,319,7.975,9.975,304,0.5986842105,7.6,0.75,0,0.05,0.225,0.475,0.175,0,0,0
Derek Carr,NO,8,QB,28,0.4832142857,0.01714285714,0.0225,0.6340991328,0.6071428571,19,28,2,0.07142857143,0,0,0.6785714286,-0.03571428571,310,11.07142857,12.5,332,0.5180722892,11.85714286,0.8214285714,0.1428571429,0.03571428571,0.25,0.6071428571,0.07142857143,0,0,0
Dak Prescott,DAL,8,QB,34,0.3408823529,0.01,-0.001538461538,0.2984717413,0.5588235294,25,34,4,0.1176470588,1,0.02941176471,0.7352941176,-0.02941176471,304,8.941176471,9.970588235,269,0.6617100372,7.911764706,0.7647058824,0.02941176471,0.08823529412,0.05882352941,0.6764705882,0.1764705882,0,0,0
Justin Herbert,LAC,8,QB,40,0.321,0.008,-0.006363636364,0.422141246,0.575,31,40,3,0.075,0,0,0.775,-0.05,298,7.45,8.95,174,0.5114942529,4.35,0.8,0.025,0,0.225,0.6,0.125,0,0,0
Taylor Heinicke,ATL,8,QB,22,0.275,0.01227272727,0.04,0.5635846136,0.4545454545,12,22,1,0.04545454545,0,0,0.5454545455,-0.1818181818,175,7.954545455,8.863636364,202,0.5841584158,9.181818182,0.6363636364,0.04545454545,0.04545454545,0.1363636364,0.6818181818,0.09090909091,0,0,0
Tua Tagovailoa,MIA,8,QB,47,0.2676595745,0.005744680851,0.0155,0.002585544869,0.4680851064,30,47,3,0.06382978723,1,0.02127659574,0.6382978723,-0.1489361702,324,6.893617021,7.212765957,305,0.5868852459,6.489361702,0.6808510638,0.04255319149,0.04255319149,0.1276595745,0.6595744681,0.1063829787,0,0,0
Joe Burrow,CIN,8,QB,35,0.242,0.006857142857,0.02,-0.1043450861,0.6285714286,28,35,3,0.08571428571,0,0,0.8,0.02857142857,283,8.085714286,9.8,181,0.8674033149,5.171428571,0.8857142857,0.05714285714,0.08571428571,0.08571428571,0.6857142857,0.1428571429,0,0,0
Will Levis,TEN,8,QB,31,0.1916129032,0.006129032258,0.01071428571,-0.5963494269,0.3225806452,19,31,4,0.1290322581,0,0,0.6129032258,0.03225806452,238,7.677419355,10.25806452,323,0.4024767802,10.41935484,0.7096774194,0.06451612903,0.06451612903,0.2580645161,0.4193548387,0.1612903226,0,0,0
Trevor Lawrence,JAX,8,QB,35,0.07085714286,0.002,-0.01666666667,-0.00367701748,0.5714285714,24,35,1,0.02857142857,1,0.02857142857,0.6857142857,-0.05714285714,292,8.342857143,7.628571429,215,0.7720930233,6.142857143,0.7714285714,0.05714285714,0.08571428571,0.1714285714,0.4285714286,0.3142857143,0,0,0
Geno Smith,SEA,8,QB,38,0.06894736842,0.001842105263,0.007,-0.02002605411,0.4736842105,23,38,2,0.05263157895,2,0.05263157895,0.6052631579,-0.1315789474,254,6.684210526,5.368421053,284,0.4295774648,7.473684211,0.6052631579,0,0.02631578947,0.1052631579,0.7631578947,0.07894736842,0,0,0
Sam Howell,WAS,8,QB,53,0.06754716981,0.001320754717,0.003,0.8126463709,0.5094339623,39,53,4,0.07547169811,1,0.01886792453,0.7358490566,-0.05660377358,397,7.490566038,8.150943396,388,0.5953608247,7.320754717,0.7924528302,0.01886792453,0.01886792453,0.1509433962,0.641509434,0.1698113208,0,0,0
Josh Allen,BUF,8,QB,42,0.04333333333,0.0009523809524,-0.03,-0.6730637561,0.5238095238,31,42,2,0.04761904762,1,0.02380952381,0.7380952381,-0.07142857143,324,7.714285714,7.595238095,239,0.7112970711,5.69047619,0.7619047619,0,0.04761904762,0.04761904762,0.7142857143,0.1666666667,0,0,0
Baker Mayfield,TB,8,QB,45,-0.0006666666667,0,0.03,0.0003905634607,0.4444444444,25,46,2,0.04347826087,0,0,0.5434782609,-0.152173913,237,5.152173913,6.02173913,306,0.339869281,6.652173913,0.6304347826,0.0652173913,0.06666666667,0.2173913043,0.4782608696,0.1739130435,0,0,0
Bryce Young,CAR,8,QB,37,-0.008918918919,-0.0002702702703,0.015,0.5448279615,0.4054054054,22,37,1,0.02702702703,0,0,0.5945945946,-0.1351351351,235,6.351351351,6.891891892,196,0.5816326531,5.297297297,0.7567567568,0.1081081081,0.1621621622,0.1081081081,0.5675675676,0.1621621622,0,0,0
Gardner Minshew,IND,8,QB,43,-0.04744186047,-0.001162790698,-0.01444444444,-0.8196103733,0.3488372093,23,43,2,0.04651162791,1,0.02325581395,0.5348837209,-0.2558139535,213,4.953488372,4.837209302,325,0.4184615385,7.558139535,0.6511627907,0.06976744186,0.04651162791,0.06976744186,0.6511627907,0.1627906977,0,0,0
Brock Purdy,SF,8,QB,33,-0.08636363636,-0.002727272727,0.02571428571,-2.002046504,0.5757575758,22,33,1,0.0303030303,2,0.06060606061,0.6666666667,0,365,11.06060606,8.939393939,270,0.7185185185,8.181818182,0.7575757576,0.09090909091,0.06060606061,0.2424242424,0.3333333333,0.3333333333,0,0,0
Jared Goff,DET,8,QB,37,-0.1064864865,-0.002972972973,0.007777777778,0.7024218668,0.4864864865,26,37,2,0.05405405405,1,0.02702702703,0.7027027027,-0.1621621622,272,7.351351351,7.216216216,171,0.5614035088,4.621621622,0.7837837838,0.05405405405,0,0.1621621622,0.4594594595,0.2972972973,0,0,0
C.J. Stroud,HOU,8,QB,27,-0.1503703704,-0.005555555556,-0.002,0.2740972461,0.3703703704,16,27,0,0,0,0,0.5925925926,-0.1111111111,140,5.185185185,5.185185185,179,0.3687150838,6.62962963,0.5925925926,0,0.07407407407,0.1111111111,0.5555555556,0.2222222222,0,0,0
Lamar Jackson,BAL,8,QB,31,-0.1606451613,-0.005161290323,-0.00875,-0.4775230759,0.3225806452,18,31,1,0.03225806452,0,0,0.5806451613,-0.1290322581,157,5.064516129,5.709677419,160,0.45,5.161290323,0.6129032258,0,0.1290322581,0.1935483871,0.4516129032,0.1935483871,0,0,0
Phillip Walker,CLE,8,QB,34,-0.1673529412,-0.005,0.007777777778,-0.7211446996,0.3529411765,15,34,1,0.02941176471,2,0.05882352941,0.4411764706,-0.05882352941,248,7.294117647,5.235294118,283,0.3109540636,8.323529412,0.4705882353,0.02941176471,0.08823529412,0.1176470588,0.4705882353,0.2647058824,0,0,0
Jordan Love,GB,8,QB,45,-0.1757777778,-0.004,-0.0025,0.2229249802,0.4,24,45,1,0.02222222222,1,0.02222222222,0.5333333333,-0.1333333333,229,5.088888889,4.533333333,372,0.2903225806,8.266666667,0.5777777778,0.04444444444,0.08888888889,0.2222222222,0.6,0.06666666667,0,0,0
Russell Wilson,DEN,8,QB,25,-0.1936,-0.0076,0.00375,-0.4187408952,0.28,12,25,3,0.12,0,0,0.48,0.04,114,4.56,6.96,127,0.3307086614,5.08,0.52,0.04,0.24,0.32,0.4,0,0,0,0
Joshua Dobbs,ARI,8,QB,40,-0.24225,-0.006,-0.012,-1.199450956,0.45,25,40,2,0.05,2,0.05,0.625,-0.1,208,5.2,3.95,263,0.5095057034,6.575,0.675,0,0.05,0.075,0.5,0.35,0,0,0
Tyson Bagent,CHI,8,QB,39,-0.2453846154,-0.00641025641,-0.025,-0.3190995016,0.4358974359,25,39,0,0,2,0.05128205128,0.641025641,-0.2051282051,232,5.948717949,3.641025641,254,0.4566929134,6.512820513,0.6923076923,0.05128205128,0.02564102564,0.2564102564,0.3846153846,0.2820512821,0,0,0
Matthew Stafford,LA,8,QB,24,-0.2470833333,-0.01041666667,0.03,-0.6525157343,0.4166666667,13,24,2,0.08333333333,1,0.04166666667,0.5416666667,-0.2916666667,162,6.75,6.541666667,152,0.4539473684,6.333333333,0.625,0.08333333333,0.04166666667,0.08333333333,0.625,0.2083333333,0,0,0
Mitchell Trubisky,PIT,8,QB,28,-0.2728571429,-0.009285714286,-0.02,-0.5469032374,0.3571428571,15,28,1,0.03571428571,2,0.07142857143,0.5357142857,-0.25,138,4.928571429,2.428571429,250,0.224,8.928571429,0.6428571429,0.07142857143,0.07142857143,0.2857142857,0.3928571429,0.2142857143,0,0,0
Mac Jones,NE,8,QB,32,-0.2853125,-0.0090625,-0.02083333333,-0.5540870158,0.40625,19,32,2,0.0625,1,0.03125,0.59375,-0.125,161,5.03125,4.875,200,0.39,6.25,0.625,0,0.09375,0.125,0.5,0.25,0,0,0
Zach Wilson,NYJ,8,QB,39,-0.3597435897,-0.008974358974,-0.012,-0.07069955583,0.4102564103,17,39,1,0.02564102564,0,0,0.4358974359,-0.2820512821,240,6.153846154,6.666666667,275,0.4472727273,7.051282051,0.5897435897,0.02564102564,0.1025641026,0.2564102564,0.5128205128,0.1025641026,0,0,0
Kenny Pickett,PIT,8,QB,17,-0.3764705882,-0.02235294118,0.035,0.2353874284,0.4117647059,10,17,0,0,0,0,0.5882352941,-0.05882352941,73,4.294117647,4.294117647,135,0.4296296296,7.941176471,0.7058823529,0.1176470588,0.05882352941,0.1176470588,0.6470588235,0.1176470588,0,0,0
Patrick Mahomes,KC,8,QB,41,-0.4029268293,-0.009756097561,-0.01142857143,-0.1030886348,0.3902439024,24,41,0,0,2,0.0487804878,0.5853658537,-0.1707317073,240,5.853658537,3.658536585,277,0.3104693141,6.756097561,0.7073170732,0.07317073171,0.07317073171,0.1463414634,0.4390243902,0.3170731707,0,0,0
Brett Rypien,LA,8,QB,11,-0.4663636364,-0.04272727273,0.07,-0.722860939,0.2727272727,5,11,0,0,0,0,0.4545454545,-0.4545454545,42,3.818181818,3.818181818,53,0.1132075472,4.818181818,0.4545454545,0,0.09090909091,0.09090909091,0.6363636364,0.1818181818,0,0,0
Desmond Ridder,ATL,8,QB,17,-0.6317647059,-0.03705882353,-0.03,-1.693808126,0.3529411765,8,17,0,0,0,0,0.4705882353,-0.1764705882,71,4.176470588,4.176470588,95,0.4947368421,5.588235294,0.5294117647,0.05882352941,0.2941176471,0.1176470588,0.2941176471,0.2941176471,0,0,0
Jimmy Garoppolo,LV,8,QB,27,-0.8948148148,-0.03296296296,0.01,-1.128184629,0.2962962963,10,27,0,0,1,0.03703703704,0.3703703704,-0.2222222222,126,4.666666667,3,234,0.2393162393,8.666666667,0.5185185185,0.1111111111,0.2222222222,0.1851851852,0.4444444444,0.1481481481,0,0,0
C.J. Stroud,HOU,9,QB,45,0.5206666667,0.01086956522,0.02,0.1016280144,0.5333333333,30,46,5,0.1086956522,0,0,0.652173913,0.04347826087,470,10.2173913,12.39130435,463,0.5723542117,10.06521739,0.6739130435,0.02173913043,0.06666666667,0.04347826087,0.5217391304,0.2391304348,0,0,0
Baker Mayfield,TB,9,QB,32,0.326875,0.0103125,0.01636363636,-0.1496530434,0.46875,21,32,2,0.0625,0,0,0.65625,-0.0625,265,8.28125,9.53125,264,0.571969697,8.25,0.65625,0,0.0625,0.1875,0.46875,0.28125,0,0,0
Jalen Hurts,PHI,9,QB,26,0.3246153846,0.01230769231,0.007142857143,0.1333499111,0.5,17,26,2,0.07692307692,0,0,0.6538461538,0,207,7.961538462,9.5,199,0.5879396985,7.653846154,0.6538461538,0,0.1153846154,0.1153846154,0.5384615385,0.1538461538,0,0,0
Aidan O'Connell,LV,9,QB,25,0.304,0.012,0.01777777778,0.1305589166,0.56,16,25,0,0,0,0,0.64,-0.2,209,8.36,8.36,203,0.4285714286,8.12,0.72,0,0,0.08,0.76,0.12,0,0,0
Joe Burrow,CIN,9,QB,45,0.2813333333,0.006222222222,0.01125,0.7435530841,0.5333333333,31,45,2,0.04444444444,0,0,0.6888888889,-0.06666666667,348,7.733333333,8.622222222,289,0.5709342561,6.422222222,0.7777777778,0.02222222222,0.02222222222,0.1333333333,0.5111111111,0.2888888889,0,0,0
Dak Prescott,DAL,9,QB,49,0.2120408163,0.004285714286,0.006,-1.004246802,0.5306122449,29,49,3,0.0612244898,0,0,0.5918367347,-0.02040816327,374,7.632653061,8.857142857,420,0.5904761905,8.571428571,0.693877551,0.0612244898,0.1020408163,0.1224489796,0.5510204082,0.2244897959,0,0,0
Kenny Pickett,PIT,9,QB,30,0.1116666667,0.003666666667,0.0075,-0.6052462757,0.5333333333,19,30,1,0.03333333333,0,0,0.6333333333,-0.1333333333,160,5.333333333,6,160,0.3375,5.333333333,0.8,0.1,0,0.2333333333,0.6,0.1333333333,0,0,0
Sam Howell,WAS,9,QB,48,0.105,0.002083333333,0.003333333333,0.1295991978,0.4375,29,48,1,0.02083333333,1,0.02083333333,0.6041666667,-0.04166666667,325,6.770833333,6.25,384,0.4192708333,8,0.6458333333,0.04166666667,0.0625,0.1458333333,0.625,0.1458333333,0,0,0
Jordan Love,GB,9,QB,29,0.09344827586,0.003103448276,0,-1.333264119,0.5172413793,20,29,1,0.03448275862,0,0,0.6896551724,0,228,7.862068966,8.551724138,173,0.7167630058,5.965517241,0.724137931,0.03448275862,0.1379310345,0.2413793103,0.4482758621,0.1724137931,0,0,0
Derek Carr,NO,9,QB,34,0.07970588235,0.002352941176,0,1.280434898,0.5,25,34,2,0.05882352941,0,0,0.7352941176,-0.1176470588,211,6.205882353,7.382352941,143,0.5944055944,4.205882353,0.7352941176,0.02941176471,0,0.2647058824,0.3529411765,0.1470588235,0,0,0
Deshaun Watson,CLE,9,QB,30,0.04766666667,0.001666666667,0.018,-0.2966419384,0.3666666667,19,30,2,0.06666666667,0,0,0.6333333333,-0.1,219,7.3,8.633333333,211,0.4691943128,7.033333333,0.8,0.1,0.03333333333,0.3,0.3333333333,0.3,0,0,0
Patrick Mahomes,KC,9,QB,32,0.0425,0.00125,0.005454545455,0.06779486572,0.4375,20,32,2,0.0625,0,0,0.625,-0.125,185,5.78125,7.03125,167,0.4131736527,5.21875,0.6875,0,0.0625,0.125,0.53125,0.21875,0,0,0
Josh Allen,BUF,9,QB,40,-0.022,-5.00E-04,0.0075,-0.05710077045,0.525,26,40,1,0.025,1,0.025,0.65,-0.025,258,6.45,5.825,300,0.39,7.5,0.675,0,0.025,0.125,0.425,0.275,0,0,0
Gardner Minshew,IND,9,QB,27,-0.03888888889,-0.001481481481,0,-0.04811073541,0.4074074074,17,27,1,0.03703703704,0,0,0.6296296296,-0.1481481481,127,4.703703704,5.444444444,93,0.5591397849,3.444444444,0.6296296296,0,0.03703703704,0.1851851852,0.5185185185,0.1851851852,0,0,0
Taylor Heinicke,ATL,9,QB,38,-0.03921052632,-0.001052631579,-0.004,-0.3681965423,0.3947368421,21,38,1,0.02631578947,1,0.02631578947,0.5526315789,-0.2105263158,268,7.052631579,6.394736842,391,0.2455242967,10.28947368,0.5789473684,0.02631578947,0.02631578947,0.2105263158,0.3947368421,0.2894736842,0,0,0
Will Levis,TEN,9,QB,42,-0.0869047619,-0.001904761905,-0.00125,-0.3496173785,0.380952381,22,42,0,0,1,0.02380952381,0.5238095238,-0.119047619,262,6.238095238,5.166666667,393,0.3791348601,9.357142857,0.6428571429,0.04761904762,0.09523809524,0.2380952381,0.5238095238,0.119047619,0,0,0
Joshua Dobbs,MIN,9,QB,34,-0.1152941176,-0.003529411765,-0.026,0.6288862791,0.4117647059,20,34,2,0.05882352941,0,0,0.5882352941,-0.1470588235,158,4.647058824,5.823529412,198,0.4646464646,5.823529412,0.7058823529,0,0.08823529412,0.1176470588,0.3823529412,0.3823529412,0,0,0
Mac Jones,NE,9,QB,44,-0.1370454545,-0.003181818182,0.006,-0.7788053844,0.3863636364,24,44,1,0.02272727273,1,0.02272727273,0.5454545455,-0.25,220,5,4.431818182,375,0.256,8.522727273,0.6590909091,0.09090909091,0,0.25,0.5454545455,0.1818181818,0,0,0
Justin Herbert,LAC,9,QB,35,-0.1888571429,-0.005428571429,-0.01,0.2434171157,0.3428571429,16,35,0,0,0,0,0.4571428571,-0.2,136,3.885714286,3.885714286,160,0.45,4.571428571,0.5714285714,0.05714285714,0.1428571429,0.2285714286,0.4285714286,0.1428571429,0,0,0
Tua Tagovailoa,MIA,9,QB,37,-0.2202702703,-0.005945945946,0.01666666667,0.213203259,0.3783783784,21,37,2,0.05405405405,0,0,0.5675675676,-0.1621621622,193,5.216216216,6.297297297,281,0.4270462633,7.594594595,0.6216216216,0.05405405405,0.08108108108,0.2162162162,0.5675675676,0.08108108108,0,0,0
Lamar Jackson,BAL,9,QB,26,-0.2534615385,-0.009230769231,0.03,0.8225520281,0.5384615385,21,26,0,0,0,0,0.8076923077,-0.03846153846,187,7.192307692,7.192307692,234,0.5042735043,9,0.8461538462,0.03846153846,0.03846153846,0.07692307692,0.5,0.3846153846,0,0,0
Tyson Bagent,CHI,9,QB,32,-0.3,-0.009375,0.03857142857,0.4486920282,0.46875,18,32,2,0.0625,3,0.09375,0.5625,-0.09375,220,6.875,3.90625,184,0.4456521739,5.75,0.53125,0.03125,0.0625,0.09375,0.4375,0.28125,0,0,0
Daniel Jones,NYG,9,QB,11,-0.3763636364,-0.03454545455,-0.04,-0.3278064643,0.2727272727,4,11,0,0,0,0,0.3636363636,-0.2727272727,25,2.272727273,2.272727273,126,0.05555555556,11.45454545,0.3636363636,0,0.1818181818,0.1818181818,0.5454545455,0.09090909091,0,0,0
Zach Wilson,NYJ,9,QB,57,-0.42,-0.007368421053,0.01,0.07541931506,0.3684210526,33,57,0,0,0,0,0.5789473684,-0.1228070175,263,4.614035088,4.614035088,353,0.4107648725,6.192982456,0.6666666667,0.01754385965,0.1403508772,0.2105263158,0.4035087719,0.2105263158,0,0,0
Geno Smith,SEA,9,QB,32,-0.458125,-0.014375,0.05666666667,-0.305880187,0.25,13,32,0,0,1,0.03125,0.40625,-0.1875,157,4.90625,3.5,219,0.4566210046,6.84375,0.4375,0.03125,0.125,0.09375,0.59375,0.09375,0,0,0
Brett Rypien,LA,9,QB,29,-0.5034482759,-0.01724137931,-0.02333333333,-0.4428334293,0.2068965517,13,29,0,0,1,0.03448275862,0.4482758621,-0.275862069,130,4.482758621,2.931034483,262,0.3129770992,9.034482759,0.5862068966,0,0.03448275862,0.1034482759,0.7931034483,0.03448275862,0,0,0
Tommy DeVito,NYG,9,QB,26,-0.5723076923,-0.02192307692,-0.18,-1.881080556,0.4230769231,15,26,1,0.03846153846,2,0.07692307692,0.5769230769,-0.07692307692,175,6.730769231,4.038461538,160,0.45625,6.153846154,0.6538461538,0.03846153846,0.2307692308,0.1538461538,0.5384615385,0.07692307692,0,0,0
Bryce Young,CAR,9,QB,43,-0.573255814,-0.01325581395,-0.12,0.6417121939,0.2790697674,24,43,3,0.06976744186,3,0.06976744186,0.5581395349,-0.2558139535,173,4.023255814,2.279069767,180,0.4833333333,4.186046512,0.6046511628,0.02325581395,0.09302325581,0.2790697674,0.3255813953,0.2558139535,0,0,0
Clayton Tune,ARI,9,QB,27,-1.213703704,-0.04481481481,-0.03666666667,-0.5118780641,0.1481481481,11,27,0,0,2,0.07407407407,0.4074074074,-0.2592592593,58,2.148148148,-1.185185185,49,0.306122449,1.814814815,0.4814814815,0.03703703704,0.2592592593,0.1111111111,0.4444444444,0.1851851852,0,0,0
Brock Purdy,SF,10,QB,28,0.6114285714,0.02178571429,0.04666666667,1.109063219,0.5714285714,19,28,3,0.1071428571,0,0,0.6785714286,0.03571428571,296,10.57142857,12.71428571,184,0.9456521739,6.571428571,0.7142857143,0.03571428571,0.07142857143,0.2857142857,0.3571428571,0.1428571429,0,0,0
Dak Prescott,DAL,10,QB,35,0.4608571429,0.01314285714,0.007333333333,0.6632843524,0.5714285714,26,35,4,0.1142857143,1,0.02857142857,0.7428571429,0.02857142857,404,11.54285714,12.54285714,383,0.7493472585,10.94285714,0.7714285714,0.02857142857,0,0,0.7714285714,0.2285714286,0,0,0
Jared Goff,DET,10,QB,33,0.4493939394,0.01363636364,0.01,0.3877956564,0.5757575758,23,33,2,0.06060606061,0,0,0.696969697,-0.2121212121,333,10.09090909,11.3030303,245,0.6489795918,7.424242424,0.8787878788,0.09090909091,0,0.1515151515,0.5757575758,0.2424242424,0,0,0
Justin Herbert,LAC,10,QB,40,0.36475,0.009,-0.035,1.021441679,0.575,27,40,4,0.1,1,0.025,0.675,-0.15,323,8.075,8.95,273,0.5787545788,6.825,0.75,0,0,0.175,0.65,0.175,0,0,0
Sam Howell,WAS,10,QB,47,0.2480851064,0.005319148936,-0.009090909091,0.7223763054,0.4042553191,29,47,3,0.06382978723,0,0,0.6170212766,-0.2127659574,312,6.638297872,7.914893617,219,0.3744292237,4.659574468,0.6595744681,0.02127659574,0.06382978723,0.2765957447,0.4468085106,0.170212766,0,0,0
Baker Mayfield,TB,10,QB,32,0.2459375,0.0078125,0.01333333333,0.3291877888,0.46875,18,32,2,0.0625,1,0.03125,0.5625,-0.0625,278,8.6875,8.53125,349,0.4584527221,10.90625,0.6875,0.125,0.09375,0.125,0.6875,0.09375,0,0,0
Joshua Dobbs,MIN,10,QB,35,0.2374285714,0.006857142857,0.005833333333,-0.06689306848,0.4857142857,23,35,1,0.02857142857,0,0,0.6571428571,-0.1428571429,268,7.657142857,8.228571429,267,0.5880149813,7.628571429,0.6857142857,0.02857142857,0.02857142857,0.05714285714,0.3714285714,0.4857142857,0,0,0
Jordan Love,GB,10,QB,40,0.13,0.00325,-0.001428571429,0.4557428018,0.4,21,40,2,0.05,2,0.05,0.525,-0.125,289,7.225,5.975,395,0.5037974684,9.875,0.6,0,0.025,0.225,0.525,0.175,0,0,0
C.J. Stroud,HOU,10,QB,40,0.1285,0.00325,0.008571428571,-0.3286005962,0.5,23,40,1,0.025,1,0.025,0.575,-0.05,356,8.9,8.275,466,0.5879828326,11.65,0.675,0.05,0.025,0.125,0.7,0.15,0,0,0
Geno Smith,SEA,10,QB,47,0.1108510638,0.002340425532,0.005333333333,-0.1511580835,0.5106382979,31,47,2,0.04255319149,0,0,0.6595744681,-0.1489361702,369,7.85106383,8.70212766,278,0.4028776978,5.914893617,0.6808510638,0.02127659574,0.02127659574,0.1489361702,0.6170212766,0.1276595745,0,0,0
Russell Wilson,DEN,10,QB,33,0.1009090909,0.00303030303,0,0.280429667,0.4848484848,24,33,2,0.06060606061,0,0,0.7272727273,-0.0303030303,193,5.848484848,7.060606061,100,0.77,3.03030303,0.8181818182,0.06060606061,0.1212121212,0.2727272727,0.4848484848,0.1212121212,0,0,0
Gardner Minshew,IND,10,QB,28,0.08642857143,0.003214285714,-0.004,0.2573434759,0.5,18,28,0,0,1,0.03571428571,0.6428571429,-0.1428571429,194,6.928571429,5.321428571,247,0.5546558704,8.821428571,0.6428571429,0,0,0.03571428571,0.7142857143,0.1785714286,0,0,0
Joe Burrow,CIN,10,QB,44,0.07272727273,0.001590909091,0.008,0.248553726,0.3636363636,27,44,2,0.04545454545,2,0.04545454545,0.6136363636,-0.04545454545,347,7.886363636,6.75,352,0.5227272727,8,0.7045454545,0.04545454545,0.09090909091,0.09090909091,0.5227272727,0.2727272727,0,0,0
Deshaun Watson,CLE,10,QB,38,-0.005,-0.0002631578947,-0.0025,-0.4537320615,0.4210526316,20,38,2,0.05263157895,1,0.02631578947,0.5263157895,-0.1052631579,213,5.605263158,5.473684211,334,0.3023952096,8.789473684,0.5526315789,0.02631578947,0.1052631579,0.02631578947,0.5263157895,0.2894736842,0,0,0
Tyson Bagent,CHI,10,QB,33,-0.06121212121,-0.001818181818,0.006,-0.1821079492,0.4545454545,20,33,0,0,0,0,0.6060606061,-0.1818181818,162,4.909090909,4.909090909,222,0.2747747748,6.727272727,0.6363636364,0.0303030303,0,0.303030303,0.4545454545,0.2121212121,0,0,0
Zach Wilson,NYJ,10,QB,41,-0.1004878049,-0.00243902439,0.01428571429,0.1601683837,0.4390243902,23,41,0,0,1,0.0243902439,0.5609756098,-0.1951219512,263,6.414634146,5.317073171,358,0.3184357542,8.731707317,0.7317073171,0.0487804878,0.0487804878,0.1219512195,0.5609756098,0.1951219512,0,0,0
Derek Carr,NO,10,QB,20,-0.1155,-0.006,0,1.107305873,0.35,13,20,0,0,0,0,0.65,-0.2,110,5.5,5.5,97,0.5567010309,4.85,0.7,0,0.1,0.2,0.5,0.05,0,0,0
Mac Jones,NE,10,QB,25,-0.1448,-0.0056,-0.038,0.5677968568,0.48,15,25,0,0,1,0.04,0.6,-0.12,170,6.8,5,71,0.6197183099,2.84,0.64,0,0.2,0.24,0.28,0.28,0,0,0
Jameis Winston,NO,10,QB,26,-0.1753846154,-0.006923076923,0,-0.0023051879,0.2307692308,13,26,2,0.07692307692,2,0.07692307692,0.5,-0.1153846154,122,4.692307692,2.769230769,387,0.2222222222,14.88461538,0.6153846154,0.03846153846,0.03846153846,0.1538461538,0.5769230769,0.07692307692,0,0,0
Kyler Murray,ARI,10,QB,35,-0.1845714286,-0.005142857143,-0.016,-0.08246390167,0.4285714286,19,35,0,0,1,0.02857142857,0.5428571429,-0.2,249,7.114285714,5.828571429,333,0.4054054054,9.514285714,0.6,0.02857142857,0.05714285714,0.02857142857,0.5428571429,0.3428571429,0,0,0
Bryce Young,CAR,10,QB,41,-0.2012195122,-0.00487804878,-0.00375,0.1049342076,0.2682926829,21,41,0,0,0,0,0.512195122,-0.1951219512,185,4.512195122,4.512195122,257,0.4163424125,6.268292683,0.5609756098,0.0243902439,0.07317073171,0.1219512195,0.5365853659,0.1707317073,0,0,0
Lamar Jackson,BAL,10,QB,26,-0.2265384615,-0.008846153846,0.058,-1.007278653,0.4230769231,13,26,2,0.07692307692,2,0.07692307692,0.5,-0.2307692308,223,8.576923077,6.653846154,240,0.4458333333,9.230769231,0.5384615385,0,0.1153846154,0.1153846154,0.5384615385,0.1923076923,0,0,0
Kenny Pickett,PIT,10,QB,24,-0.2370833333,-0.01,-0.005714285714,0.05141443581,0.4583333333,14,24,0,0,0,0,0.5833333333,-0.2083333333,126,5.25,5.25,108,0.3796296296,4.5,0.625,0,0.04166666667,0.3333333333,0.375,0.2083333333,0,0,0
Will Levis,TEN,10,QB,43,-0.2688372093,-0.006279069767,-0.01857142857,-0.06369756133,0.3488372093,19,43,0,0,1,0.02325581395,0.4418604651,-0.1162790698,199,4.627906977,3.581395349,448,0.1629464286,10.41860465,0.5813953488,0.06976744186,0.09302325581,0.1395348837,0.511627907,0.2558139535,0,0,0
Aidan O'Connell,LV,10,QB,30,-0.327,-0.011,0.022,-0.687079828,0.3666666667,16,30,1,0.03333333333,1,0.03333333333,0.5333333333,-0.1666666667,153,5.1,4.266666667,197,0.3553299492,6.566666667,0.6,0.03333333333,0.1,0.1,0.5333333333,0.2,0,0,0
Josh Allen,BUF,10,QB,27,-0.3362962963,-0.01259259259,-0.025,-0.4422674634,0.4074074074,15,27,1,0.03703703704,2,0.07407407407,0.5555555556,-0.1481481481,177,6.555555556,3.962962963,226,0.4159292035,8.37037037,0.7037037037,0.07407407407,0,0.1851851852,0.5555555556,0.2222222222,0,0,0
Tommy DeVito,NYG,10,QB,32,-0.3721875,-0.0115625,-0.012,-0.3319878545,0.25,14,32,2,0.0625,1,0.03125,0.4375,-0.1875,86,2.6875,2.53125,163,0.1472392638,5.09375,0.46875,0.03125,0.15625,0.1875,0.46875,0.15625,0,0,0
Taylor Heinicke,ATL,10,QB,18,-0.4183333333,-0.02333333333,-0.0125,0.1015553928,0.3333333333,8,18,1,0.05555555556,0,0,0.4444444444,-0.2222222222,55,3.055555556,4.166666667,84,0.1785714286,4.666666667,0.5555555556,0.05555555556,0.1666666667,0.2222222222,0.1111111111,0.3888888889,0,0,0
Trevor Lawrence,JAX,10,QB,34,-0.6367647059,-0.01882352941,0.001666666667,-0.1284768626,0.3529411765,17,34,0,0,2,0.05882352941,0.5,-0.1470588235,185,5.441176471,2.794117647,187,0.4171122995,5.5,0.5588235294,0.05882352941,0.1470588235,0.1764705882,0.4705882353,0.1764705882,0,0,0
Brock Purdy,SF,11,QB,29,0.5472413793,0.01896551724,0.036,0.5744380316,0.5862068966,21,29,3,0.1034482759,0,0,0.724137931,0.03448275862,333,11.48275862,13.55172414,201,0.7611940299,6.931034483,0.7586206897,0,0.1379310345,0.1724137931,0.3793103448,0.3103448276,0,0,0
Trevor Lawrence,JAX,11,QB,33,0.5003030303,0.01515151515,0.007272727273,0.7442788364,0.4848484848,24,33,2,0.06060606061,0,0,0.7272727273,0.06060606061,262,7.939393939,9.151515152,304,0.5888157895,9.212121212,0.7272727273,0,0.0303030303,0.1212121212,0.5757575758,0.2424242424,0,0,0
Josh Allen,BUF,11,QB,33,0.3636363636,0.01090909091,0.025,-1.052275924,0.3939393939,20,33,3,0.09090909091,1,0.0303030303,0.6060606061,-0.1515151515,275,8.333333333,8.787878788,228,0.3728070175,6.909090909,0.6363636364,0.0303030303,0.0303030303,0.2121212121,0.3939393939,0.2727272727,0,0,0
Lamar Jackson,BAL,11,QB,29,0.284137931,0.009655172414,-0.012,-0.4417422356,0.4137931034,16,29,2,0.06896551724,0,0,0.5517241379,0,264,9.103448276,10.48275862,305,0.3737704918,10.51724138,0.5517241379,0,0.1034482759,0.1379310345,0.4827586207,0.1724137931,0,0,0
Jordan Love,GB,11,QB,43,0.25,0.005813953488,-0.001818181818,-0.2058176366,0.511627907,27,43,2,0.04651162791,0,0,0.6279069767,-0.09302325581,322,7.488372093,8.418604651,263,0.4942965779,6.11627907,0.6976744186,0.04651162791,0.06976744186,0.1860465116,0.511627907,0.1860465116,0,0,0
Dak Prescott,DAL,11,QB,38,0.2010526316,0.005263157895,-0.005,-0.03741151745,0.4210526316,25,38,2,0.05263157895,0,0,0.6578947368,-0.1052631579,189,4.973684211,6.026315789,209,0.5071770335,5.5,0.7631578947,0.02631578947,0,0.1842105263,0.6315789474,0.1578947368,0,0,0
Will Levis,TEN,11,QB,19,0.1557894737,0.008421052632,0.04666666667,-0.5365997422,0.4736842105,13,19,2,0.1052631579,0,0,0.6842105263,-0.05263157895,158,8.315789474,10.42105263,133,0.7218045113,7,0.6842105263,0,0.1052631579,0.2105263158,0.4210526316,0.2105263158,0,0,0
Geno Smith,SEA,11,QB,35,0.1548571429,0.004285714286,-0.003333333333,-0.1866542114,0.4857142857,22,35,1,0.02857142857,0,0,0.6285714286,-0.1142857143,233,6.657142857,7.228571429,235,0.5063829787,6.714285714,0.7428571429,0.02857142857,0.05714285714,0.2285714286,0.6,0.08571428571,0,0,0
Joe Burrow,CIN,11,QB,19,0.1536842105,0.007894736842,0.01,-0.5043710113,0.5263157895,11,19,1,0.05263157895,0,0,0.5789473684,-0.1578947368,101,5.315789474,6.368421053,100,0.39,5.263157895,0.6842105263,0,0.1052631579,0.1578947368,0.4736842105,0.2631578947,0,0,0
Justin Herbert,LAC,11,QB,38,0.1331578947,0.003421052632,0.0075,0.5255399395,0.3684210526,21,38,2,0.05263157895,0,0,0.5526315789,-0.1842105263,260,6.842105263,7.894736842,346,0.450867052,9.105263158,0.7631578947,0.1315789474,0.05263157895,0.07894736842,0.6315789474,0.2368421053,0,0,0
Tommy DeVito,NYG,11,QB,35,0.1088571429,0.003142857143,0.04,-0.09480498168,0.4285714286,18,35,3,0.08571428571,0,0,0.5142857143,-0.05714285714,246,7.028571429,8.742857143,244,0.6516393443,6.971428571,0.6,0.02857142857,0.2571428571,0.1714285714,0.4857142857,0.08571428571,0,0,0
C.J. Stroud,HOU,11,QB,40,0.095,0.00225,-0.02375,0.8381659077,0.55,27,40,2,0.05,3,0.075,0.675,-0.1,336,8.4,6.025,373,0.6756032172,9.325,0.675,0,0.075,0.05,0.8,0.075,0,0,0
Russell Wilson,DEN,11,QB,37,0.04027027027,0.001081081081,0.03,0.060834387,0.4594594595,27,37,1,0.02702702703,0,0,0.7297297297,0.02702702703,259,7,7.540540541,233,0.3519313305,6.297297297,0.8108108108,0.05405405405,0.05405405405,0.3783783784,0.4324324324,0.05405405405,0,0,0
Joshua Dobbs,MIN,11,QB,34,0.03117647059,0.0008823529412,0.01222222222,0.06067424853,0.5,20,34,1,0.02941176471,1,0.02941176471,0.5882352941,-0.05882352941,221,6.5,5.764705882,234,0.547008547,6.882352941,0.6764705882,0.02941176471,0.05882352941,0.1764705882,0.3529411765,0.3235294118,0,0,0
Justin Fields,CHI,11,QB,25,0.0268,0.0012,-0.00625,0.1659742422,0.52,16,25,1,0.04,0,0,0.64,-0.08,169,6.76,7.56,250,0.488,10,0.68,0.04,0.08,0.12,0.56,0.2,0,0,0
Tua Tagovailoa,MIA,11,QB,40,0.018,5.00E-04,0.002857142857,-0.7337740076,0.425,28,40,2,0.05,1,0.025,0.7,-0.075,325,8.125,8,295,0.606779661,7.375,0.75,0.05,0.025,0.15,0.625,0.025,0,0,0
Jared Goff,DET,11,QB,38,-0.02868421053,-0.0007894736842,-0.005,-0.8625945733,0.6052631579,23,38,2,0.05263157895,3,0.07894736842,0.6052631579,-0.1315789474,236,6.210526316,3.710526316,245,0.5795918367,6.447368421,0.6052631579,0,0.05263157895,0.2105263158,0.5,0.1578947368,0,0,0
Jalen Hurts,PHI,11,QB,27,-0.1262962963,-0.004814814815,-0.02571428571,-0.1839541363,0.3333333333,14,27,0,0,1,0.03703703704,0.5185185185,-0.1481481481,150,5.555555556,3.888888889,168,0.5416666667,6.222222222,0.5555555556,0,0.1851851852,0.1481481481,0.5555555556,0.07407407407,0,0,0
Matthew Stafford,LA,11,QB,32,-0.1428125,-0.004375,0.008461538462,-1.077894401,0.40625,17,32,1,0.03125,1,0.03125,0.53125,-0.28125,190,5.9375,5.15625,158,0.417721519,4.9375,0.625,0.03125,0.03125,0.21875,0.59375,0.09375,0,0,0
Baker Mayfield,TB,11,QB,49,-0.1875510204,-0.00387755102,-0.01571428571,0.02419712436,0.4489795918,29,49,1,0.02040816327,1,0.02040816327,0.5918367347,-0.1020408163,246,5.020408163,4.510204082,407,0.2972972973,8.306122449,0.6734693878,0.0612244898,0.08163265306,0.1632653061,0.5714285714,0.1428571429,0,0,0
Kyler Murray,ARI,11,QB,33,-0.206969697,-0.006363636364,-0.01666666667,-0.05368259418,0.4242424242,20,33,1,0.0303030303,1,0.0303030303,0.6060606061,-0.1818181818,214,6.484848485,5.727272727,277,0.40433213,8.393939394,0.6060606061,0,0.09090909091,0.1212121212,0.4242424242,0.3333333333,0,0,0
Aidan O'Connell,LV,11,QB,43,-0.2227906977,-0.00511627907,0.007777777778,-0.6933349164,0.3953488372,24,43,1,0.02325581395,3,0.06976744186,0.5581395349,-0.1395348837,271,6.302325581,3.627906977,400,0.425,9.302325581,0.6976744186,0.09302325581,0.04651162791,0.04651162791,0.6976744186,0.1395348837,0,0,0
Dorian Thompson-Robinson,CLE,11,QB,42,-0.2304761905,-0.005238095238,0.0025,0.04959903293,0.380952381,24,42,0,0,1,0.02380952381,0.5714285714,-0.3571428571,165,3.928571429,2.857142857,146,0.4589041096,3.476190476,0.7142857143,0.07142857143,0.02380952381,0.2142857143,0.4047619048,0.3571428571,0,0,0
Patrick Mahomes,KC,11,QB,43,-0.2960465116,-0.006744186047,0,0.0496427652,0.3255813953,24,43,2,0.04651162791,1,0.02325581395,0.5581395349,-0.1395348837,177,4.11627907,4,383,0.274151436,8.906976744,0.6976744186,0.1395348837,0.02325581395,0.09302325581,0.5813953488,0.2325581395,0,0,0
Sam Howell,WAS,11,QB,49,-0.2969387755,-0.00612244898,0.007142857143,-0.5648360645,0.4489795918,31,49,2,0.04081632653,3,0.0612244898,0.6326530612,-0.0612244898,256,5.224489796,3.285714286,297,0.2861952862,6.06122449,0.6734693878,0.04081632653,0.08163265306,0.2040816327,0.4285714286,0.2244897959,0,0,0
Jake Browning,CIN,11,QB,17,-0.3158823529,-0.01882352941,-0.0075,0.08095168829,0.3529411765,8,17,1,0.05882352941,0,0,0.4705882353,-0.2352941176,68,4,5.176470588,148,0.277027027,8.705882353,0.6470588235,0,0.1764705882,0.1176470588,0.5882352941,0.1176470588,0,0,0
Kenny Pickett,PIT,11,QB,31,-0.3835483871,-0.01225806452,0.008333333333,-0.8193573722,0.2258064516,15,31,0,0,0,0,0.4838709677,-0.2258064516,106,3.419354839,3.419354839,169,0.2662721893,5.451612903,0.4838709677,0,0.09677419355,0.1612903226,0.5806451613,0.06451612903,0,0,0
Zach Wilson,NYJ,11,QB,21,-0.4076190476,-0.01952380952,-0.01142857143,-1.207936592,0.2857142857,7,21,1,0.04761904762,1,0.04761904762,0.3333333333,-0.2380952381,81,3.857142857,2.666666667,76,0.2894736842,3.619047619,0.4761904762,0.04761904762,0.2380952381,0.2857142857,0.2380952381,0.09523809524,0,0,0
Bryce Young,CAR,11,QB,36,-0.5202777778,-0.01444444444,-0.032,-1.340119128,0.2777777778,16,36,2,0.05555555556,1,0.02777777778,0.4444444444,-0.1388888889,123,3.416666667,3.277777778,209,0.2966507177,5.805555556,0.4444444444,0,0.1944444444,0.08333333333,0.5277777778,0.1111111111,0,0,0
Tim Boyle,NYJ,11,QB,15,-0.8453333333,-0.05666666667,0,-0.4630691118,0.06666666667,7,15,0,0,1,0.06666666667,0.4666666667,-0.4,33,2.2,-0.8,91,0.2087912088,6.066666667,0.4666666667,0,0.06666666667,0.2,0.4,0.3333333333,0,0,0
Dak Prescott,DAL,12,QB,33,0.5833333333,0.01757575758,0.01,0.1888961456,0.5757575758,22,33,4,0.1212121212,0,0,0.6666666667,0.06060606061,331,10.03030303,12.45454545,470,0.5340425532,14.24242424,0.696969697,0,0,0.2121212121,0.6363636364,0.1515151515,0,0,0
Matthew Stafford,LA,12,QB,33,0.4,0.01212121212,0.008333333333,0.3972381905,0.6363636364,25,33,4,0.1212121212,1,0.0303030303,0.7575757576,0.0303030303,229,6.939393939,8,192,0.5208333333,5.818181818,0.7878787879,0.0303030303,0,0.1818181818,0.5757575758,0.1818181818,0,0,0
Jordan Love,GB,12,QB,32,0.39875,0.0125,0.025,0.1628222009,0.5625,22,32,3,0.09375,0,0,0.6875,-0.0625,268,8.375,10.25,302,0.6490066225,9.4375,0.71875,0.03125,0,0.125,0.71875,0.09375,0,0,0
Patrick Mahomes,KC,12,QB,35,0.3597142857,0.01028571429,0.03,0.2370590266,0.5428571429,27,35,2,0.05714285714,0,0,0.7714285714,-0.08571428571,298,8.514285714,9.657142857,167,0.5628742515,4.771428571,0.8285714286,0.05714285714,0.02857142857,0.1428571429,0.4857142857,0.2857142857,0,0,0
Kenny Pickett,PIT,12,QB,35,0.3365714286,0.009714285714,-0.00625,0.3334356279,0.5142857143,24,35,0,0,0,0,0.6857142857,-0.02857142857,278,7.942857143,7.942857143,279,0.5591397849,7.971428571,0.7428571429,0.02857142857,0.05714285714,0.08571428571,0.4285714286,0.4,0,0,0
Trevor Lawrence,JAX,12,QB,39,0.3202564103,0.008205128205,0.02,-0.1116797298,0.5384615385,23,39,1,0.02564102564,1,0.02564102564,0.5897435897,-0.1794871795,364,9.333333333,8.692307692,322,0.4782608696,8.256410256,0.6666666667,0.05128205128,0,0.2051282051,0.4358974359,0.3333333333,0,0,0
Russell Wilson,DEN,12,QB,23,0.1934782609,0.008260869565,-0.025,0.466729269,0.347826087,13,23,1,0.04347826087,0,0,0.5652173913,-0.04347826087,134,5.826086957,6.695652174,122,0.5491803279,5.304347826,0.652173913,0.04347826087,0.04347826087,0.3043478261,0.5652173913,0.04347826087,0,0,0
Josh Allen,BUF,12,QB,52,0.1473076923,0.002884615385,0.0025,0.1441317323,0.4807692308,29,52,2,0.03846153846,1,0.01923076923,0.5576923077,-0.1538461538,339,6.519230769,6.423076923,407,0.4766584767,7.826923077,0.6923076923,0.05769230769,0.01923076923,0.2307692308,0.5961538462,0.1153846154,0,0,0
Tua Tagovailoa,MIA,12,QB,31,0.1435483871,0.004516129032,-0.0025,-0.6521168302,0.5483870968,21,31,2,0.06451612903,2,0.06451612903,0.6774193548,-0.09677419355,243,7.838709677,6.225806452,147,0.8095238095,4.741935484,0.8387096774,0.09677419355,0.06451612903,0.1290322581,0.6774193548,0.09677419355,0,0,0
Aidan O'Connell,LV,12,QB,34,0.1273529412,0.003823529412,0.01090909091,-0.1464766276,0.4411764706,23,34,1,0.02941176471,0,0,0.6764705882,-0.2058823529,248,7.294117647,7.882352941,159,0.6477987421,4.676470588,0.7647058824,0.05882352941,0.02941176471,0.2058823529,0.5588235294,0.1764705882,0,0,0
Brock Purdy,SF,12,QB,31,0.02419354839,0.0006451612903,0.01181818182,0.8037900676,0.4516129032,21,31,2,0.06451612903,1,0.03225806452,0.6774193548,-0.03225806452,209,6.741935484,6.580645161,268,0.4067164179,8.64516129,0.6774193548,0,0.03225806452,0.2258064516,0.5161290323,0.1935483871,0,0,0
C.J. Stroud,HOU,12,QB,40,0.019,5.00E-04,0.014,0.3840035707,0.425,26,40,2,0.05,0,0,0.65,-0.05,304,7.6,8.6,345,0.4637681159,8.625,0.65,0,0.1,0.2,0.575,0.1,0,0,0
Jalen Hurts,PHI,12,QB,33,0.002727272727,0,0.01222222222,0.1444674789,0.4545454545,18,33,3,0.09090909091,1,0.0303030303,0.5454545455,-0.1818181818,200,6.060606061,6.515151515,221,0.5158371041,6.696969697,0.5757575758,0.0303030303,0.06060606061,0.1515151515,0.6363636364,0.06060606061,0,0,0
Will Levis,TEN,12,QB,28,-0.001785714286,0,0.01142857143,-0.1750620391,0.5714285714,18,28,0,0,0,0,0.6428571429,-0.2142857143,185,6.607142857,6.607142857,232,0.6163793103,8.285714286,0.7142857143,0,0.03571428571,0.1785714286,0.5714285714,0.2142857143,0,0,0
Gardner Minshew,IND,12,QB,43,-0.002325581395,0,0.01,0.7148533626,0.4186046512,24,43,0,0,1,0.02325581395,0.5581395349,-0.3023255814,251,5.837209302,4.790697674,247,0.4817813765,5.744186047,0.7209302326,0.06976744186,0.04651162791,0.06976744186,0.7441860465,0.1162790698,0,0,0
Dorian Thompson-Robinson,CLE,12,QB,30,-0.03166666667,-0.001,0.01666666667,0.4465341176,0.3666666667,14,30,1,0.03333333333,0,0,0.4666666667,-0.3,134,4.466666667,5.133333333,211,0.4691943128,7.033333333,0.6333333333,0.1333333333,0,0.1333333333,0.5,0.2666666667,0,0,0
Derek Carr,NO,12,QB,39,-0.03256410256,-0.0007692307692,0.0225,-0.03208497459,0.4615384615,24,39,1,0.02564102564,1,0.02564102564,0.6153846154,-0.1794871795,304,7.794871795,7.153846154,329,0.5136778116,8.435897436,0.6666666667,0.02564102564,0.02564102564,0.1794871795,0.5384615385,0.1794871795,0,0,0
Tommy DeVito,NYG,12,QB,31,-0.05870967742,-0.001935483871,-0.01,-0.01217018555,0.3870967742,17,31,1,0.03225806452,0,0,0.5483870968,-0.1290322581,191,6.161290323,6.806451613,186,0.6451612903,6,0.6451612903,0.09677419355,0.1935483871,0.1290322581,0.6129032258,0.03225806452,0,0,0
Jared Goff,DET,12,QB,48,-0.09145833333,-0.001875,0.003,0.03650800316,0.4375,29,48,3,0.0625,0,0,0.6041666667,-0.125,332,6.916666667,8.166666667,318,0.5691823899,6.625,0.6875,0.0625,0.0625,0.1875,0.4791666667,0.2083333333,0,0,0
Jake Browning,CIN,12,QB,30,-0.09166666667,-0.003,0.035,-0.3703795547,0.4333333333,19,30,1,0.03333333333,1,0.03333333333,0.6333333333,-0.1333333333,227,7.566666667,6.733333333,132,0.75,4.4,0.6666666667,0,0.1333333333,0.06666666667,0.4666666667,0.3,0,0,0
Lamar Jackson,BAL,12,QB,34,-0.1047058824,-0.002941176471,0.004285714286,0.6374959945,0.4411764706,18,34,1,0.02941176471,0,0,0.5294117647,-0.2647058824,177,5.205882353,5.794117647,170,0.3352941176,5,0.6176470588,0.02941176471,0.05882352941,0.1176470588,0.5882352941,0.1764705882,0,0,0
Desmond Ridder,ATL,12,QB,21,-0.130952381,-0.00619047619,0.004,-0.1022739137,0.5238095238,13,21,1,0.04761904762,2,0.09523809524,0.619047619,-0.2380952381,168,8,4.666666667,168,0.6428571429,8,0.7619047619,0.09523809524,0,0.2857142857,0.5238095238,0.09523809524,0,0,0
Bryce Young,CAR,12,QB,35,-0.1391428571,-0.004,-0.01111111111,-0.2983476351,0.3428571429,18,35,0,0,0,0,0.5142857143,-0.1428571429,194,5.542857143,5.542857143,199,0.5527638191,5.685714286,0.5714285714,0.05714285714,0.1142857143,0.1714285714,0.4285714286,0.08571428571,0,0,0
Justin Fields,CHI,12,QB,40,-0.13975,-0.0035,-0.008333333333,-0.1390767409,0.325,27,40,0,0,0,0,0.675,-0.075,217,5.425,5.425,100,0.54,2.5,0.675,0,0.075,0.175,0.425,0.2,0,0,0
Baker Mayfield,TB,12,QB,36,-0.2086111111,-0.005833333333,0.00125,0.582222034,0.4722222222,20,36,2,0.05555555556,1,0.02777777778,0.5555555556,-0.1111111111,199,5.527777778,5.388888889,203,0.5418719212,5.638888889,0.6666666667,0.08333333333,0.1666666667,0.08333333333,0.5833333333,0.1388888889,0,0,0
Sam Howell,WAS,12,QB,48,-0.2572916667,-0.005416666667,-0.004545454545,-0.3917703724,0.4791666667,28,48,1,0.02083333333,1,0.02083333333,0.5833333333,-0.2083333333,300,6.25,5.729166667,352,0.4090909091,7.333333333,0.625,0.04166666667,0.08333333333,0.1458333333,0.6666666667,0.1041666667,0,0,0
Kyler Murray,ARI,12,QB,50,-0.2852,-0.0058,0.0075,0.4615120957,0.32,27,50,1,0.02,0,0,0.54,-0.18,256,5.12,5.52,386,0.3652849741,7.72,0.54,0,0.08,0.18,0.5,0.22,0,0,0
Geno Smith,SEA,12,QB,33,-0.3618181818,-0.01090909091,-0.002,-0.5180241522,0.3636363636,18,33,0,0,1,0.0303030303,0.5454545455,-0.0303030303,180,5.454545455,4.090909091,290,0.3793103448,8.787878788,0.5757575758,0.0303030303,0.1818181818,0.1515151515,0.5454545455,0.1212121212,0,0,0
Tim Boyle,NYJ,12,QB,45,-0.4148888889,-0.009111111111,-0.02666666667,-0.4607127705,0.3333333333,27,45,2,0.04444444444,2,0.04444444444,0.6,-0.1555555556,179,3.977777778,2.866666667,168,0.3988095238,3.733333333,0.6666666667,0.04444444444,0.1555555556,0.2666666667,0.3111111111,0.2,0,0,0
Justin Herbert,LAC,12,QB,47,-0.4163829787,-0.008936170213,-0.016,-0.848312782,0.3617021277,29,47,1,0.02127659574,1,0.02127659574,0.6170212766,-0.170212766,217,4.617021277,4.085106383,298,0.3355704698,6.340425532,0.6595744681,0.02127659574,0.06382978723,0.170212766,0.5957446809,0.1063829787,0,0,0
Bailey Zappe,NE,12,QB,15,-0.4273333333,-0.02866666667,-0.165,0.2341607802,0.3333333333,9,15,0,0,1,0.06666666667,0.6,-0.3333333333,54,3.6,0.6,20,-0.2,1.333333333,0.6666666667,0.06666666667,0.06666666667,0.1333333333,0.8,0,0,0,0
Mac Jones,NE,12,QB,22,-0.4504545455,-0.02045454545,-0.0375,-1.023078707,0.4090909091,12,22,0,0,2,0.09090909091,0.5454545455,-0.3181818182,89,4.045454545,-0.04545454545,105,-0.01904761905,4.772727273,0.6818181818,0.04545454545,0.04545454545,0.2272727273,0.6363636364,0.09090909091,0,0,0
P.J. Walker,CLE,12,QB,17,-0.6705882353,-0.03941176471,0,-1.656829715,0.2352941176,6,17,0,0,0,0,0.3529411765,-0.2941176471,56,3.294117647,3.294117647,94,0.3191489362,5.529411765,0.4117647059,0.05882352941,0.2352941176,0.1764705882,0.4705882353,0.1176470588,0,0,0
Joshua Dobbs,MIN,12,QB,34,-0.6997058824,-0.02058823529,-0.015,-0.5824738088,0.2352941176,22,34,1,0.02941176471,4,0.1176470588,0.6470588235,-0.1176470588,185,5.441176471,0.7352941176,261,0.4674329502,7.676470588,0.6764705882,0.02941176471,0.05882352941,0.1176470588,0.5,0.1764705882,0,0,0
Tua Tagovailoa,MIA,13,QB,24,0.82,0.03416666667,0.006,1.387081461,0.5,18,24,2,0.08333333333,0,0,0.75,-0.08333333333,280,11.66666667,13.33333333,217,0.4930875576,9.041666667,0.8333333333,0.04166666667,0,0.2083333333,0.6666666667,0.08333333333,0,0,0
Brock Purdy,SF,13,QB,29,0.77,0.02655172414,0.02,1.389145353,0.5862068966,19,29,4,0.1379310345,0,0,0.6551724138,-0.1034482759,314,10.82758621,13.5862069,177,0.5762711864,6.103448276,0.6896551724,0.03448275862,0.06896551724,0.1379310345,0.5172413793,0.2068965517,0,0,0
Jake Browning,CIN,13,QB,39,0.5002564103,0.01282051282,0.01285714286,1.310788287,0.5897435897,32,39,1,0.02564102564,0,0,0.8205128205,0.02564102564,354,9.076923077,9.58974359,166,0.9036144578,4.256410256,0.8717948718,0.02564102564,0.05128205128,0.1538461538,0.5897435897,0.1538461538,0,0,0
Mitchell Trubisky,PIT,13,QB,17,0.4723529412,0.02764705882,-0.035,2.067650233,0.5882352941,11,17,1,0.05882352941,0,0,0.6470588235,-0.1176470588,117,6.882352941,8.058823529,177,0.5367231638,10.41176471,0.7647058824,0.1176470588,0,0.2352941176,0.4705882353,0.2941176471,0,0,0
Jordan Love,GB,13,QB,38,0.405,0.01078947368,0.01461538462,0.4439615017,0.5,25,38,3,0.07894736842,0,0,0.6578947368,-0.07894736842,267,7.026315789,8.605263158,272,0.5698529412,7.157894737,0.6842105263,0.02631578947,0.05263157895,0.07894736842,0.6578947368,0.1842105263,0,0,0
Trevor Lawrence,JAX,13,QB,31,0.3377419355,0.01096774194,0.01307692308,0.5135971099,0.5483870968,22,31,2,0.06451612903,0,0,0.7096774194,0.06451612903,258,8.322580645,9.612903226,369,0.4905149051,11.90322581,0.7419354839,0.03225806452,0.06451612903,0.09677419355,0.6451612903,0.1935483871,0,0,0
Dak Prescott,DAL,13,QB,46,0.322173913,0.006956521739,0.01166666667,-0.01046096314,0.5652173913,29,46,3,0.0652173913,0,0,0.6304347826,-0.02173913043,299,6.5,7.804347826,239,0.7071129707,5.195652174,0.7826086957,0.08695652174,0.08695652174,0.1086956522,0.5869565217,0.1956521739,0,0,0
Derek Carr,NO,13,QB,24,0.3054166667,0.01291666667,-0.04,0.4690648493,0.5833333333,17,24,1,0.04166666667,1,0.04166666667,0.7083333333,0,226,9.416666667,8.375,157,0.7579617834,6.541666667,0.8333333333,0.125,0.08333333333,0.2916666667,0.3333333333,0.2083333333,0,0,0
Geno Smith,SEA,13,QB,40,0.28925,0.007,0.01428571429,-0.5399254009,0.5,23,40,3,0.075,1,0.025,0.575,-0.2,334,8.35,8.725,231,0.6277056277,5.775,0.65,0.05,0,0.1,0.7,0.15,0,0,0
Jared Goff,DET,13,QB,27,0.2774074074,0.01037037037,0.0175,1.018752434,0.4444444444,16,27,2,0.07407407407,0,0,0.5925925926,-0.1481481481,213,7.888888889,9.37037037,179,0.625698324,6.62962963,0.6296296296,0.03703703704,0.03703703704,0.1481481481,0.4444444444,0.3703703704,0,0,0
Jalen Hurts,PHI,13,QB,49,0.19,0.00387755102,-0.01625,1.782929715,0.4285714286,26,49,1,0.02040816327,0,0,0.5306122449,-0.0612244898,298,6.081632653,6.489795918,347,0.409221902,7.081632653,0.5714285714,0.02040816327,0.0612244898,0.2244897959,0.5714285714,0.02040816327,0,0,0
Matthew Stafford,LA,13,QB,37,0.1437837838,0.003783783784,0.02,0.4811930978,0.4594594595,22,37,3,0.08108108108,0,0,0.5945945946,-0.1351351351,279,7.540540541,9.162162162,292,0.448630137,7.891891892,0.6486486486,0.05405405405,0,0.1351351351,0.6756756757,0.1081081081,0,0,0
Patrick Mahomes,KC,13,QB,36,0.1097222222,0.003055555556,-0.004285714286,0.07183667511,0.4444444444,21,36,1,0.02777777778,1,0.02777777778,0.5833333333,-0.08333333333,210,5.833333333,5.138888889,286,0.2727272727,7.944444444,0.6666666667,0,0.08333333333,0.1666666667,0.5,0.1666666667,0,0,0
C.J. Beathard,JAX,13,QB,12,0.07583333333,0.006666666667,-0.04,1.627582842,0.4166666667,9,12,0,0,0,0,0.75,0,63,5.25,5.25,70,0.3,5.833333333,0.75,0,0.1666666667,0.1666666667,0.3333333333,0.3333333333,0,0,0
Justin Herbert,LAC,13,QB,37,0.05432432432,0.001351351351,0.00375,0.5614993056,0.5135135135,22,37,0,0,0,0,0.5945945946,-0.1891891892,212,5.72972973,5.72972973,269,0.4014869888,7.27027027,0.7297297297,0.1081081081,0,0.1621621622,0.5405405405,0.2702702703,0,0,0
Kyler Murray,ARI,13,QB,25,0.0456,0.002,-0.003333333333,0.2202089069,0.32,13,25,1,0.04,0,0,0.52,-0.16,145,5.8,6.6,173,0.4219653179,6.92,0.6,0.08,0.08,0.08,0.32,0.52,0,0,0
Gardner Minshew,IND,13,QB,46,0.04434782609,0.0008695652174,-0.001818181818,-0.2930293022,0.4565217391,26,46,2,0.04347826087,0,0,0.5652173913,-0.1086956522,312,6.782608696,7.652173913,311,0.5884244373,6.760869565,0.6086956522,0.04347826087,0.0652173913,0.152173913,0.5869565217,0.1739130435,0,0,0
Jameis Winston,NO,13,QB,5,0.022,0.004,0.15,-1.481773928,0.4,2,5,0,0,0,0,0.4,-0.6,41,8.2,8.2,45,0.3777777778,9,0.4,0,0,0.4,0.6,0,0,0,0
C.J. Stroud,HOU,13,QB,33,0.009090909091,0.000303030303,0.003333333333,-0.5081152421,0.3636363636,16,33,1,0.0303030303,0,0,0.4848484848,-0.09090909091,274,8.303030303,8.909090909,286,0.5244755245,8.666666667,0.6363636364,0.09090909091,0.1515151515,0.06060606061,0.5151515152,0.1818181818,0,0,0
Will Levis,TEN,13,QB,39,0.00358974359,0,0.009090909091,0.1025583826,0.358974359,16,39,1,0.02564102564,0,0,0.4102564103,-0.1794871795,224,5.743589744,6.256410256,293,0.3651877133,7.512820513,0.5384615385,0.07692307692,0.1538461538,0.2051282051,0.4102564103,0.2307692308,0,0,0
Kenny Pickett,PIT,13,QB,10,-0.048,-0.005,0.045,0.2326488796,0.5,7,10,0,0,0,0,0.7,-0.1,70,7,7,46,1.065217391,4.6,0.8,0.1,0,0.2,0.6,0.2,0,0,0
Marcus Mariota,PHI,13,QB,3,-0.1166666667,-0.04,0,NA,0.3333333333,2,3,0,0,0,0,0.6666666667,-0.3333333333,16,5.333333333,5.333333333,5,1,1.666666667,0.6666666667,0,0,0.6666666667,0.3333333333,0,0,0,0
Baker Mayfield,TB,13,QB,30,-0.1233333333,-0.004,-0.018,-0.1644342456,0.2666666667,14,30,1,0.03333333333,1,0.03333333333,0.4666666667,-0.2,202,6.733333333,5.9,314,0.3057324841,10.46666667,0.6333333333,0.1,0.03333333333,0.2,0.7,0,0,0,0
Desmond Ridder,ATL,13,QB,30,-0.126,-0.004333333333,0.008571428571,0.6654024336,0.3666666667,12,30,1,0.03333333333,0,0,0.4,-0.2333333333,121,4.033333333,4.7,281,0.3451957295,9.366666667,0.5,0.03333333333,0.1,0.2333333333,0.2,0.4,0,0,0
Bryce Young,CAR,13,QB,35,-0.1448571429,-0.004,-0.00875,-0.2092372549,0.3428571429,15,35,0,0,1,0.02857142857,0.4285714286,-0.1714285714,178,5.085714286,3.8,313,0.4217252396,8.942857143,0.4571428571,0.02857142857,0.1142857143,0.05714285714,0.6,0.08571428571,0,0,0
Joe Flacco,CLE,13,QB,46,-0.1693478261,-0.003695652174,0.003571428571,-0.5817089639,0.3695652174,23,46,2,0.04347826087,1,0.02173913043,0.5,-0.1956521739,254,5.52173913,5.413043478,543,0.3388581952,11.80434783,0.5652173913,0.04347826087,0.04347826087,0.08695652174,0.5434782609,0.2608695652,0,0,0
Tim Boyle,NYJ,13,QB,26,-0.18,-0.006923076923,-0.01090909091,0.2099973637,0.2692307692,14,26,0,0,1,0.03846153846,0.5384615385,-0.1923076923,148,5.692307692,3.961538462,218,0.3853211009,8.384615385,0.5769230769,0,0.03846153846,0.2307692308,0.4230769231,0.2692307692,0,0,0
Trevor Siemian,NYJ,13,QB,16,-0.4725,-0.029375,-0.09,-1.424882709,0.25,5,16,0,0,0,0,0.3125,-0.25,66,4.125,4.125,122,0.4016393443,7.625,0.3125,0,0.1875,0.25,0.1875,0.3125,0,0,0
Sam Howell,WAS,13,QB,27,-0.4822222222,-0.01777777778,-0.02333333333,-0.7936297338,0.2592592593,12,27,1,0.03703703704,1,0.03703703704,0.4444444444,-0.07407407407,127,4.703703704,3.777777778,198,0.4242424242,7.333333333,0.5185185185,0,0.1111111111,0.1851851852,0.5185185185,0.1481481481,0,0,0
Russell Wilson,DEN,13,QB,29,-0.5162068966,-0.01793103448,0.017,-0.3192355901,0.3448275862,15,29,1,0.03448275862,3,0.1034482759,0.5172413793,0.06896551724,186,6.413793103,2.448275862,335,0.2925373134,11.55172414,0.5862068966,0.03448275862,0.1034482759,0.2413793103,0.4827586207,0.1034482759,0,0,0
Bailey Zappe,NE,13,QB,30,-0.524,-0.01733333333,0.0025,-0.8434638342,0.3,13,30,0,0,0,0,0.4333333333,-0.2,141,4.7,4.7,285,0.2877192982,9.5,0.5666666667,0.1333333333,0.1666666667,0.2,0.4666666667,0.1333333333,0,0,0
Taysom Hill,NO,13,QB,2,-0.715,-0.355,-0.44,-0.8823433316,0,0,2,0,0,0,0,0,-0.5,0,0,0,52,0,26,0,0,0,0,0.5,0.5,0,0,0
Jake Browning,CIN,14,QB,24,0.3325,0.01375,0.05375,-1.007339282,0.5,18,24,3,0.125,1,0.04166666667,0.75,-0.125,275,11.45833333,12.08333333,108,0.6481481481,4.5,0.9583333333,0.125,0,0.2916666667,0.4583333333,0.25,0,0,0
Lamar Jackson,BAL,14,QB,46,0.2741304348,0.005869565217,0.001666666667,-0.5864229332,0.4782608696,24,46,3,0.0652173913,1,0.02173913043,0.5217391304,-0.1086956522,316,6.869565217,7.195652174,546,0.3827838828,11.86956522,0.6086956522,0.0652173913,0.04347826087,0.08695652174,0.652173913,0.152173913,0,0,0
Brock Purdy,SF,14,QB,30,0.262,0.008666666667,0.001666666667,0.4121904892,0.4,19,30,2,0.06666666667,1,0.03333333333,0.6333333333,-0.2,368,12.26666667,12.1,272,0.7095588235,9.066666667,0.6666666667,0.03333333333,0.1,0.06666666667,0.6333333333,0.2,0,0,0
Tommy DeVito,NYG,14,QB,21,0.2466666667,0.0119047619,0.085,1.442145466,0.5714285714,17,21,1,0.04761904762,0,0,0.8095238095,0.04761904762,158,7.523809524,8.476190476,138,0.6739130435,6.571428571,0.8095238095,0.04761904762,0,0.1904761905,0.6666666667,0.09523809524,0,0,0
Will Levis,TEN,14,QB,40,0.21925,0.0055,-0.007142857143,-0.3431271504,0.575,23,40,2,0.05,1,0.025,0.575,-0.075,327,8.175,8.05,362,0.5552486188,9.05,0.7,0,0.025,0.25,0.525,0.15,0,0,0
Zach Wilson,NYJ,14,QB,40,0.19575,0.005,0.006428571429,0.3807580544,0.525,27,40,2,0.05,0,0,0.675,-0.075,301,7.525,8.525,238,0.6848739496,5.95,0.725,0,0.1,0.25,0.4,0.225,0,0,0
Nick Mullens,MIN,14,QB,13,0.1292307692,0.01,-0.025,-0.8823531573,0.3846153846,9,13,0,0,0,0,0.6923076923,-0.07692307692,83,6.384615385,6.384615385,97,0.587628866,7.461538462,0.6923076923,0,0,0,0.5384615385,0.3846153846,0,0,0
Matthew Stafford,LA,14,QB,44,0.1272727273,0.002954545455,-0.001111111111,0.2502916113,0.3409090909,23,44,3,0.06818181818,0,0,0.5227272727,-0.04545454545,294,6.681818182,8.045454545,385,0.3922077922,8.75,0.5909090909,0.06818181818,0.04545454545,0.09090909091,0.7045454545,0.1136363636,0,0,0
Baker Mayfield,TB,14,QB,30,0.08166666667,0.002666666667,0,-0.2922235195,0.3333333333,14,30,2,0.06666666667,0,0,0.4666666667,-0.3,144,4.8,6.133333333,283,0.1519434629,9.433333333,0.5,0.03333333333,0.03333333333,0.1333333333,0.6333333333,0.2,0,0,0
Justin Fields,CHI,14,QB,37,0.05405405405,0.001351351351,0.00375,0.4741208872,0.3243243243,19,37,1,0.02702702703,0,0,0.5135135135,-0.2162162162,223,6.027027027,6.567567568,244,0.5327868852,6.594594595,0.5675675676,0,0.08108108108,0.08108108108,0.5405405405,0.1891891892,0,0,0
Bailey Zappe,NE,14,QB,30,0.04333333333,0.001333333333,-0.0175,0.3122891587,0.4333333333,19,30,3,0.1,1,0.03333333333,0.6333333333,-0.06666666667,240,8,8.5,197,0.5228426396,6.566666667,0.7,0.03333333333,0.06666666667,0.2666666667,0.4666666667,0.1333333333,0,0,0
Gardner Minshew,IND,14,QB,43,0.01441860465,0.0002325581395,0.00375,0.09739586351,0.488372093,26,43,1,0.02325581395,1,0.02325581395,0.6046511628,-0.2093023256,240,5.581395349,5,237,0.5485232068,5.511627907,0.7441860465,0.06976744186,0.06976744186,0.2093023256,0.4186046512,0.2790697674,0,0,0
Dak Prescott,DAL,14,QB,42,-0.00119047619,0,-0.003,0.749606273,0.4761904762,24,42,3,0.07142857143,0,0,0.5714285714,-0.2380952381,271,6.452380952,7.880952381,266,0.484962406,6.333333333,0.619047619,0.04761904762,0.07142857143,0.2142857143,0.5238095238,0.1904761905,0,0,0
Jordan Love,GB,14,QB,41,-0.005365853659,-0.000243902439,-0.01,0.07774210741,0.4390243902,25,41,1,0.0243902439,1,0.0243902439,0.6097560976,-0.09756097561,218,5.317073171,4.707317073,231,0.3636363636,5.634146341,0.6585365854,0.0487804878,0.0487804878,0.1219512195,0.7073170732,0.09756097561,0,0,0
Drew Lock,SEA,14,QB,36,-0.03277777778,-0.0008333333333,0.009090909091,0.8635893741,0.3611111111,22,36,2,0.05555555556,2,0.05555555556,0.6111111111,-0.1388888889,269,7.472222222,6.083333333,235,0.4340425532,6.527777778,0.6388888889,0.02777777778,0.1111111111,0.1666666667,0.5,0.1944444444,0,0,0
Josh Allen,BUF,14,QB,44,-0.04568181818,-0.0009090909091,0.007272727273,-0.3654892658,0.3863636364,23,44,1,0.02272727273,1,0.02272727273,0.5227272727,-0.1590909091,233,5.295454545,4.727272727,347,0.2478386167,7.886363636,0.5681818182,0.04545454545,0.06818181818,0.1818181818,0.3863636364,0.25,0,0,0
Desmond Ridder,ATL,14,QB,43,-0.05511627907,-0.001162790698,-0.005,-0.0876526739,0.4186046512,26,43,1,0.02325581395,1,0.02325581395,0.6046511628,-0.1627906977,347,8.069767442,7.488372093,395,0.5417721519,9.186046512,0.6744186047,0.02325581395,0.06976744186,0.1627906977,0.4186046512,0.3488372093,0,0,0
Russell Wilson,DEN,14,QB,35,-0.06342857143,-0.001714285714,0.008888888889,-0.1082467277,0.4285714286,21,35,2,0.05714285714,1,0.02857142857,0.6,-0.05714285714,224,6.4,6.257142857,167,0.2395209581,4.771428571,0.6571428571,0.02857142857,0.05714285714,0.3142857143,0.4,0.1142857143,0,0,0
Joe Flacco,CLE,14,QB,46,-0.1595652174,-0.00347826087,0.005,0.06095621559,0.4565217391,26,46,3,0.0652173913,1,0.02173913043,0.5652173913,-0.2391304348,311,6.760869565,7.086956522,334,0.4580838323,7.260869565,0.6304347826,0.02173913043,0.02173913043,0.152173913,0.5869565217,0.1956521739,0,0,0
Jared Goff,DET,14,QB,39,-0.1625641026,-0.004102564103,-0.02,-0.8120634686,0.358974359,20,39,1,0.02564102564,2,0.05128205128,0.5128205128,-0.2051282051,161,4.128205128,2.333333333,238,0.3277310924,6.102564103,0.6153846154,0.05128205128,0.1025641026,0.1794871795,0.4871794872,0.2051282051,0,0,0
Patrick Mahomes,KC,14,QB,44,-0.1677272727,-0.003863636364,0.01333333333,-0.4959735292,0.5,25,44,1,0.02272727273,1,0.02272727273,0.5681818182,-0.1818181818,271,6.159090909,5.590909091,285,0.3964912281,6.477272727,0.6136363636,0.02272727273,0.02272727273,0.1590909091,0.5,0.2272727273,0,0,0
Trevor Lawrence,JAX,14,QB,55,-0.1778181818,-0.003272727273,-0.005,-0.3464287461,0.3818181818,28,55,3,0.05454545455,3,0.05454545455,0.5090909091,-0.1090909091,257,4.672727273,3.309090909,495,0.2767676768,9,0.5636363636,0.01818181818,0.07272727273,0.1272727273,0.5454545455,0.2181818182,0,0,0
Tua Tagovailoa,MIA,14,QB,38,-0.1957894737,-0.005263157895,0.008333333333,-2.224034948,0.4473684211,23,38,0,0,0,0,0.6052631579,-0.1052631579,240,6.315789474,6.315789474,252,0.619047619,6.631578947,0.6315789474,0,0.1315789474,0.2631578947,0.5,0.07894736842,0,0,0
Easton Stick,LAC,14,QB,26,-0.2584615385,-0.01,0.13,-0.9560606514,0.3846153846,13,26,0,0,0,0,0.5,-0.3461538462,179,6.884615385,6.884615385,214,0.6121495327,8.230769231,0.5384615385,0,0.07692307692,0.1923076923,0.5384615385,0.1923076923,0,0,0
Jalen Hurts,PHI,14,QB,28,-0.2871428571,-0.01035714286,-0.02,-0.8422344605,0.4285714286,18,28,0,0,0,0,0.6428571429,-0.1428571429,197,7.035714286,7.035714286,282,0.4184397163,10.07142857,0.6785714286,0,0.03571428571,0,0.8214285714,0.1428571429,0,0,0
Derek Carr,NO,14,QB,27,-0.3540740741,-0.01296296296,0.055,0.0370447899,0.4814814815,18,27,2,0.07407407407,1,0.03703703704,0.6666666667,-0.03703703704,119,4.407407407,4.222222222,109,0.7064220183,4.037037037,0.7037037037,0,0.03703703704,0.1851851852,0.3703703704,0.2592592593,0,0,0
Mitchell Trubisky,PIT,14,QB,38,-0.4065789474,-0.01078947368,0.025,-0.651691939,0.4210526316,22,38,1,0.02631578947,1,0.02631578947,0.5789473684,-0.1315789474,190,5,4.342105263,282,0.2872340426,7.421052632,0.6315789474,0,0.05263157895,0.2105263158,0.4210526316,0.2894736842,0,0,0
Joshua Dobbs,MIN,14,QB,28,-0.4928571429,-0.0175,-0.02714285714,-0.5292022128,0.25,10,28,0,0,0,0,0.3571428571,-0.2857142857,63,2.25,2.25,162,0.2592592593,5.785714286,0.5357142857,0.1428571429,0.1785714286,0.1428571429,0.4285714286,0.1785714286,0,0,0
C.J. Stroud,HOU,14,QB,27,-0.6085185185,-0.02259259259,0.002,-1.313404314,0.2962962963,10,27,0,0,0,0,0.3703703704,-0.3703703704,91,3.37037037,3.37037037,216,0.2037037037,8,0.5555555556,0.03703703704,0.1481481481,0.1481481481,0.5185185185,0.1111111111,0,0,0
Aidan O'Connell,LV,14,QB,36,-0.66,-0.01833333333,0,-0.5168537927,0.1944444444,21,36,0,0,1,0.02777777778,0.5833333333,-0.1666666667,171,4.75,3.5,144,0.3541666667,4,0.6944444444,0.08333333333,0.1111111111,0.1111111111,0.6111111111,0.08333333333,0,0,0
Bryce Young,CAR,14,QB,40,-0.78225,-0.0195,-0.025,-1.189382366,0.225,13,40,0,0,0,0,0.325,-0.2,137,3.425,3.425,490,0.1734693878,12.25,0.425,0,0.1,0.1,0.525,0.175,0,0,0
Justin Herbert,LAC,14,QB,21,-0.9304761905,-0.04428571429,-0.015,-1.455707798,0.3333333333,9,21,0,0,1,0.04761904762,0.4285714286,-0.2380952381,96,4.571428571,2.428571429,107,0.308411215,5.095238095,0.4761904762,0,0.1904761905,0.09523809524,0.4285714286,0.2380952381,0,0,0
Davis Mills,HOU,14,QB,6,-1.511666667,-0.2516666667,0,-0.1543340561,0,1,6,0,0,0,0,0.1666666667,-0.5,4,0.6666666667,0.6666666667,59,0.05084745763,9.833333333,0.3333333333,0,0.1666666667,0.3333333333,0.5,0,0,0,0